CustomerID,Age,Tenure_Months,Monthly_Charges,Contract_Type,Tech_Support,Churn
1,56,64,83.22821536376398,Month-to-month,Yes,0
2,69,44,39.899213895943674,Month-to-month,No,0
3,46,53,61.833386410228016,One year,Yes,0
4,32,24,95.09397983633183,One year,No,0
5,60,60,30.137289755315916,One year,No,0
6,25,3,47.78527760897123,Month-to-month,No,1
7,38,20,47.63191084658536,Month-to-month,No,1
8,56,46,63.2018927594506,One year,Yes,0
9,36,15,118.0368740942185,Two year,No,1
10,40,25,26.750254668382194,One year,No,0
11,28,71,71.8700994380595,Two year,No,0
12,28,17,37.93646820122105,One year,No,0
13,41,9,117.06765454097442,One year,No,1
14,53,38,31.33035047274642,Month-to-month,No,1
15,57,48,60.36010023615913,One year,Yes,0
16,41,60,93.78849848346061,One year,No,0
17,20,63,90.45544280274453,One year,No,0
18,39,2,62.272863689393226,Month-to-month,No,1
19,19,11,54.652416795271826,One year,Yes,0
20,41,64,59.76123785528706,Month-to-month,Yes,1
21,61,21,46.42762631586393,One year,No,0
22,47,18,40.533293870679984,Month-to-month,No,1
23,55,64,68.303969755889,Two year,No,0
24,19,38,46.853375606760736,Month-to-month,No,0
25,38,32,48.74616648972501,Month-to-month,No,0
26,50,11,85.67560634745571,Month-to-month,No,1
27,29,45,116.85373316998923,One year,Yes,1
28,39,33,80.3637200559375,Month-to-month,No,0
29,61,41,27.69794670649663,Month-to-month,Yes,0
30,42,8,27.558361385406698,One year,No,0
31,66,11,115.1423220845566,Month-to-month,No,1
32,44,51,49.72907903073336,Two year,No,0
33,59,41,29.206698608247542,Two year,No,0
34,45,17,79.90445871503815,One year,No,0
35,33,46,82.36487782902661,Month-to-month,No,1
36,32,32,84.85048201186882,One year,Yes,0
37,64,54,46.74020278575413,Month-to-month,No,0
38,68,20,21.511068421447504,Month-to-month,Yes,0
39,61,33,116.50153694544719,Month-to-month,No,1
40,69,40,45.08930456911025,Two year,Yes,0
41,20,32,87.60262880525475,Month-to-month,Yes,0
42,54,2,90.66298698787095,One year,No,0
43,68,33,81.00074170794858,One year,No,1
44,24,30,51.29073942136482,Month-to-month,No,0
45,38,33,47.109625376406576,Month-to-month,Yes,0
46,26,26,79.76682827027031,Two year,No,0
47,56,22,106.60956336116915,One year,Yes,0
48,35,66,114.67337289233956,One year,No,1
49,21,38,30.590580440375764,Month-to-month,No,1
50,42,46,35.48286125977199,Month-to-month,No,1
51,31,15,114.47362587830797,Month-to-month,No,1
52,67,44,93.65352283347926,Month-to-month,No,1
53,26,49,108.29938248297731,Month-to-month,No,1
54,43,61,40.26326341353432,Two year,No,0
55,19,67,78.75858711094018,Month-to-month,No,1
56,37,6,90.11395944174737,Month-to-month,No,1
57,45,9,88.01118854469726,One year,Yes,0
58,64,6,60.81516908666981,One year,No,0
59,24,32,21.539489169130846,Month-to-month,No,1
60,61,41,78.2926056804263,One year,No,0
61,25,8,45.310153917960875,Month-to-month,Yes,1
62,64,50,65.02542461428904,Month-to-month,Yes,0
63,52,62,115.75810150838173,Month-to-month,No,1
64,31,62,59.903531764243475,Two year,No,0
65,34,7,103.98016066644267,Month-to-month,Yes,0
66,53,4,38.854060574925114,Month-to-month,No,1
67,67,6,87.24604980250288,Month-to-month,No,1
68,57,58,117.70069544389435,Two year,No,0
69,21,22,30.189310087293677,Month-to-month,Yes,0
70,19,26,20.831994222719203,Month-to-month,Yes,1
71,23,3,63.35827926326144,Month-to-month,No,1
72,59,41,29.26254830513672,Month-to-month,Yes,0
73,21,60,94.83843496762313,One year,Yes,0
74,46,14,111.45486638485589,One year,No,0
75,35,12,63.402097270875885,Month-to-month,No,1
76,43,12,45.8711642155441,Month-to-month,Yes,0
77,61,13,63.44033190066098,Month-to-month,Yes,0
78,51,25,92.3447817850001,Month-to-month,Yes,0
79,27,45,20.9054161580371,Month-to-month,Yes,1
80,53,19,78.94539894846972,One year,No,0
81,31,55,81.3291684887379,Two year,No,0
82,48,45,83.76882468959354,Two year,No,1
83,65,8,44.20220799808772,Two year,No,0
84,32,53,91.40527233781268,One year,No,0
85,25,55,29.13914863317764,One year,Yes,0
86,31,32,39.92703364668008,Month-to-month,No,0
87,40,51,107.74700466544819,One year,No,0
88,57,44,93.87231507265663,Month-to-month,No,0
89,38,70,21.374555401134526,Month-to-month,Yes,1
90,33,18,44.83762603698002,One year,No,0
91,62,22,41.44064829931646,Month-to-month,No,1
92,35,37,47.080632803697256,Month-to-month,No,1
93,64,56,44.75597702798864,Two year,Yes,0
94,41,59,26.252629574284576,Month-to-month,No,1
95,43,3,65.89405165968203,Month-to-month,No,0
96,42,28,93.27334747861651,Two year,No,0
97,62,35,80.67317247174364,One year,No,1
98,58,61,87.28716685980798,One year,Yes,0
99,46,54,28.114917853623915,Month-to-month,Yes,0
100,32,63,115.14907101767872,Month-to-month,No,0
101,62,7,103.84918338430248,Two year,No,0
102,18,49,100.50903184956627,One year,Yes,0
103,42,31,102.29838050417675,One year,No,0
104,24,58,113.27105081327613,Month-to-month,No,1
105,26,61,74.42539661136976,Month-to-month,Yes,0
106,41,24,40.028201786762594,Two year,No,0
107,18,20,81.67836078525411,Month-to-month,No,1
108,61,37,94.2881493667939,One year,No,0
109,25,4,93.79173933540254,Month-to-month,No,1
110,41,20,72.14490241668801,One year,No,0
111,28,60,26.845871933357806,Two year,Yes,0
112,68,24,57.11129384301278,One year,No,0
113,34,50,112.07666084633573,Month-to-month,Yes,0
114,25,49,78.4448909757426,One year,No,1
115,52,51,73.83319432557134,One year,Yes,0
116,52,36,46.88535143821935,Month-to-month,No,1
117,50,66,56.84489199165789,Two year,No,0
118,22,34,109.53460891531692,One year,No,0
119,59,36,86.64630475268358,Two year,Yes,0
120,56,6,98.73870267523328,One year,No,1
121,58,39,65.43454230676551,Month-to-month,No,0
122,45,42,83.0247219456158,Month-to-month,No,1
123,24,58,44.838360874320756,Month-to-month,Yes,0
124,26,12,90.54608302834863,Two year,No,0
125,25,3,62.76013337033373,One year,No,0
126,29,18,64.25455148147455,One year,Yes,0
127,51,40,84.93223245768817,Month-to-month,No,1
128,50,21,113.62806214689266,Month-to-month,No,0
129,65,15,26.400634660862092,One year,No,0
130,40,26,102.47432373470076,Month-to-month,No,0
131,41,8,49.23831104121931,Month-to-month,No,1
132,54,42,64.39194545063779,One year,No,0
133,52,44,22.191332877500894,Month-to-month,No,1
134,61,14,50.104607783431305,Month-to-month,No,1
135,57,2,70.26312426301305,Month-to-month,No,1
136,39,37,25.6176077347439,Month-to-month,No,1
137,44,69,69.10957293831652,Two year,Yes,0
138,52,38,112.71106288584274,Month-to-month,No,0
139,18,41,30.53932181078052,Month-to-month,No,0
140,52,62,96.44407280755044,Month-to-month,Yes,0
141,54,60,60.967105337599264,One year,Yes,0
142,64,14,85.5173714524338,Month-to-month,No,1
143,31,2,46.023659798522935,One year,No,1
144,20,70,35.94922625413583,Month-to-month,No,0
145,18,17,36.046261427122644,Month-to-month,No,0
146,22,28,27.049194564314465,Month-to-month,Yes,0
147,43,66,38.5646704901243,Two year,No,0
148,31,35,86.42193849889682,Two year,No,0
149,56,5,108.16906118435081,Month-to-month,No,1
150,44,65,101.41256855911618,One year,Yes,0
151,26,40,88.51343098744842,Two year,No,0
152,32,56,31.043186341110268,Month-to-month,Yes,0
153,32,36,48.91874462959498,Two year,No,0
154,43,45,50.9806875322469,Month-to-month,No,0
155,59,23,44.99569463976212,Two year,No,0
156,30,47,71.5005659709723,One year,Yes,0
157,68,31,73.55538148796725,Two year,No,0
158,49,11,55.68859751711102,One year,No,1
159,56,10,55.3789158736436,Month-to-month,No,1
160,66,67,102.85555979060814,Two year,No,1
161,69,14,98.92928483196856,Month-to-month,No,0
162,49,10,50.779583168074566,Month-to-month,No,0
163,21,1,111.37884438732593,One year,No,1
164,47,5,115.2815017002506,One year,No,0
165,54,20,52.67425420300408,Two year,Yes,0
166,40,8,55.442494879305485,Month-to-month,No,0
167,56,43,70.56341534219588,One year,No,0
168,62,1,114.11208125336735,One year,Yes,1
169,32,57,107.63194331423115,Month-to-month,No,0
170,60,64,30.256796258358982,Month-to-month,No,1
171,46,28,59.27307432714162,Month-to-month,No,0
172,53,37,75.33711897497719,Month-to-month,No,1
173,30,47,70.31324725515401,Two year,Yes,0
174,49,37,39.38630679368927,One year,No,0
175,24,49,105.88167711681547,One year,Yes,0
176,68,44,87.69407829968374,Two year,No,1
177,39,56,103.79083748518036,Month-to-month,Yes,0
178,45,28,105.87642793494722,Two year,Yes,0
179,19,6,94.83558536657398,Month-to-month,No,1
180,59,61,63.92106012497173,Two year,No,0
181,62,20,81.05467550154245,Month-to-month,No,1
182,23,2,36.03654061197432,Two year,No,1
183,45,37,87.36454174749078,Month-to-month,Yes,1
184,45,20,37.92532557392808,Month-to-month,Yes,0
185,61,26,89.39495905101568,One year,No,0
186,61,29,42.959816075396866,Month-to-month,Yes,0
187,37,1,31.755130015021997,One year,No,0
188,47,35,36.528449014295745,Month-to-month,No,0
189,28,70,20.199213521907026,One year,No,0
190,45,59,91.87396178535302,Month-to-month,No,0
191,42,69,93.24010490583791,Month-to-month,No,1
192,56,33,71.49333499132595,Month-to-month,No,0
193,50,51,36.13628010553837,Month-to-month,Yes,0
194,18,12,28.355433751068976,Month-to-month,Yes,0
195,44,20,21.9128966437287,Month-to-month,No,0
196,69,53,36.574817696522075,Month-to-month,No,1
197,30,43,109.08555349831467,Month-to-month,No,0
198,58,50,44.15368417016818,One year,No,0
199,20,29,55.42713272172156,Two year,Yes,0
200,56,57,30.534548448133318,Month-to-month,No,0
201,23,39,42.23613047481703,One year,No,0
202,25,56,71.92245707802051,One year,Yes,0
203,44,43,80.77526830956526,Month-to-month,No,1
204,26,50,44.5352314166211,One year,Yes,0
205,54,23,25.77321592251172,Month-to-month,No,0
206,50,44,59.10328691273987,One year,No,0
207,68,38,43.42033709263342,Month-to-month,No,0
208,59,23,41.955392322980195,One year,No,0
209,61,45,115.98628027134552,One year,No,0
210,41,52,81.63004859257241,Month-to-month,No,1
211,32,50,75.6878443172096,Month-to-month,No,1
212,49,8,61.57751035233219,Two year,No,0
213,49,1,62.89443334301443,Month-to-month,No,1
214,41,8,74.09050038380809,One year,Yes,0
215,58,29,89.64298070361072,Two year,No,0
216,69,5,90.21460961818295,One year,Yes,0
217,66,47,37.16939077054496,One year,Yes,0
218,66,34,70.01127520766269,One year,No,0
219,69,65,61.195809503410196,Two year,No,0
220,29,55,107.05269662693841,Month-to-month,Yes,0
221,56,43,83.14189212183764,Month-to-month,No,1
222,19,30,73.25040664159818,Month-to-month,No,0
223,20,17,31.539464217891737,Two year,No,0
224,66,26,80.56378893234114,One year,Yes,0
225,54,8,31.72039056802334,Month-to-month,No,1
226,66,47,53.720657556575205,Two year,No,0
227,34,46,34.284196481433185,Month-to-month,No,0
228,66,68,89.20736470243689,Month-to-month,Yes,0
229,19,33,40.62521138361526,One year,Yes,0
230,19,1,59.1859373188026,Month-to-month,No,0
231,45,19,109.56747776187787,Two year,No,0
232,40,31,40.43163833989703,Month-to-month,Yes,0
233,54,14,70.78050639587792,Two year,Yes,0
234,49,53,61.9271661166022,One year,No,0
235,50,48,21.812404104572973,Month-to-month,Yes,0
236,18,69,99.27581135728128,Two year,No,1
237,36,62,26.904590631459975,One year,Yes,0
238,19,66,67.42550209769536,Month-to-month,Yes,0
239,61,64,76.06782949389499,Month-to-month,No,0
240,43,70,82.8426456614587,Two year,No,0
241,49,63,88.86316293078755,Month-to-month,No,1
242,23,33,45.32723835227151,Month-to-month,No,0
243,49,41,20.99787766584494,Month-to-month,No,0
244,21,48,92.3443662354912,Month-to-month,No,0
245,28,13,73.56565993475786,One year,Yes,0
246,34,31,103.61177032072487,Month-to-month,No,0
247,55,68,102.13883629006943,Month-to-month,No,1
248,41,4,104.33261677878832,Month-to-month,No,1
249,22,19,68.50946599795401,Month-to-month,Yes,0
250,69,70,53.362839583686565,Two year,No,0
251,51,13,99.155820259137,Month-to-month,No,1
252,23,23,65.12941130292549,Two year,No,0
253,39,1,38.344219640343454,Month-to-month,Yes,1
254,28,54,105.49740195614743,Month-to-month,Yes,1
255,65,71,108.25598767723473,Two year,No,0
256,33,15,66.63097561401702,Month-to-month,Yes,1
257,50,65,27.569972730978748,One year,No,0
258,26,71,58.782608991693124,Two year,No,0
259,23,15,100.35376594626034,Month-to-month,Yes,1
260,33,21,110.17740285462287,Month-to-month,No,1
261,46,19,40.34727424975958,One year,No,0
262,20,60,26.69736120252715,Month-to-month,No,0
263,37,33,107.73504531328386,Month-to-month,Yes,0
264,53,49,58.94049389788753,Month-to-month,Yes,0
265,36,35,74.17609642675632,Month-to-month,No,0
266,43,44,116.80658120507589,One year,Yes,0
267,20,11,26.656472791422285,Month-to-month,No,0
268,36,66,84.83180074520956,Month-to-month,Yes,1
269,37,46,27.410542257486707,One year,No,0
270,49,9,57.54689284665004,Month-to-month,No,0
271,24,3,100.38145451934467,Month-to-month,No,1
272,69,26,63.34722327556344,One year,Yes,0
273,58,48,119.71823539029504,Month-to-month,No,1
274,50,66,75.90592849466022,One year,Yes,0
275,57,70,52.11621526359535,Two year,No,0
276,56,28,42.01113259047531,Month-to-month,Yes,0
277,35,26,55.05205342861618,One year,No,0
278,57,25,57.25332737595508,Month-to-month,No,0
279,18,12,26.8713677723961,Month-to-month,Yes,0
280,28,5,56.95741994267732,Two year,No,0
281,45,48,66.4238519739225,Two year,Yes,0
282,42,37,92.27377522388046,Month-to-month,No,1
283,67,44,85.6729484721608,One year,No,0
284,40,15,90.87656552291543,Two year,No,0
285,48,43,20.83636818768571,Two year,No,0
286,47,48,41.766739958053606,One year,Yes,0
287,59,70,86.16842883998565,Month-to-month,No,1
288,52,46,68.39893681797471,Month-to-month,Yes,1
289,24,43,20.531347566834594,Two year,No,0
290,33,21,100.44946424318223,Month-to-month,No,0
291,43,23,97.28095732903374,One year,No,0
292,65,47,74.84191629935626,Month-to-month,Yes,0
293,69,15,26.646332577627213,Month-to-month,No,1
294,66,25,96.65150495325847,Month-to-month,No,0
295,19,36,78.3713587731364,Two year,No,0
296,18,51,98.19599771579591,Month-to-month,Yes,0
297,65,15,95.17469923958404,One year,Yes,0
298,29,68,100.30020719578371,Month-to-month,Yes,1
299,22,21,71.80080664046248,Month-to-month,No,0
300,54,13,34.0324518193515,Month-to-month,Yes,0
301,49,19,87.11574733796887,One year,No,1
302,26,34,82.04737850519706,Month-to-month,Yes,1
303,58,68,94.22531871990871,Month-to-month,No,0
304,52,52,36.98810060507353,Month-to-month,No,0
305,36,27,39.49751999002892,Month-to-month,No,1
306,65,29,109.04095172193284,Two year,No,0
307,33,28,94.99777984520708,Two year,Yes,0
308,20,35,110.82284887003229,Month-to-month,Yes,1
309,37,8,95.87153211639207,One year,Yes,1
310,41,16,79.71553059903019,Two year,No,0
311,50,36,85.41327370278736,Month-to-month,No,1
312,41,30,108.91279239400099,Two year,No,0
313,69,18,77.88067545119405,Two year,No,0
314,28,2,83.23913243283874,Month-to-month,No,1
315,66,49,35.647671600360056,Month-to-month,No,1
316,25,4,67.39212201161027,Two year,No,0
317,53,7,91.6397111958099,One year,Yes,1
318,55,39,47.09426983163654,Month-to-month,No,1
319,57,13,40.22541805245349,Month-to-month,No,1
320,37,31,51.38268082244156,Month-to-month,No,1
321,52,71,44.15006279928335,One year,No,0
322,65,63,41.49126370363959,One year,No,0
323,42,56,62.48508428680869,Two year,Yes,0
324,52,42,110.78385138835341,Month-to-month,No,0
325,42,61,70.70596467387182,One year,No,0
326,46,42,38.792038081532304,One year,Yes,0
327,35,56,27.697166938087406,Month-to-month,No,1
328,63,36,89.61561451379252,Month-to-month,No,0
329,35,68,58.279876443638784,Two year,No,0
330,19,7,102.18309465853592,Two year,Yes,1
331,52,54,85.95107686407702,Month-to-month,No,0
332,33,1,99.62414505413685,One year,No,1
333,58,44,47.194603941844875,Month-to-month,No,1
334,53,45,89.2358922461058,One year,No,0
335,50,47,46.40619846937187,One year,No,0
336,21,13,113.90684794502916,One year,No,0
337,50,22,83.63742815333744,Two year,No,0
338,31,21,52.451180017534206,One year,No,0
339,38,9,46.95118622922726,Month-to-month,No,0
340,65,26,39.09265850716435,One year,Yes,0
341,37,9,89.46409588937279,Month-to-month,No,1
342,25,15,41.87156129979273,Month-to-month,No,1
343,24,10,79.5303265927489,Month-to-month,No,1
344,20,42,46.463502692535734,Month-to-month,Yes,0
345,34,24,86.19689447938686,One year,No,1
346,50,49,101.49397285405392,Month-to-month,Yes,0
347,65,26,97.80252431446532,One year,Yes,0
348,29,37,96.08513309307817,One year,No,0
349,68,68,38.772240569225204,Month-to-month,No,0
350,39,50,28.83849469845187,Two year,No,0
351,39,24,89.89488284873856,Month-to-month,Yes,0
352,63,19,56.83472137943513,Month-to-month,No,0
353,47,60,63.23462264033473,One year,Yes,0
354,55,39,23.114909279339106,Month-to-month,No,0
355,55,18,45.957644927504916,Month-to-month,No,0
356,62,19,23.367640387446404,One year,No,0
357,68,36,107.91857726012476,One year,No,1
358,25,55,44.33966832185305,Month-to-month,Yes,1
359,44,69,75.7337169573008,Two year,No,0
360,44,47,23.897932066113043,One year,Yes,0
361,51,49,86.6847391305658,Two year,No,0
362,38,33,52.30273457540939,Month-to-month,No,1
363,47,21,109.79191869576658,One year,Yes,1
364,50,22,108.81181889340358,Two year,No,0
365,45,48,52.529061836174776,One year,No,0
366,64,37,110.09608956904678,One year,Yes,0
367,50,15,119.61576734987788,Month-to-month,Yes,0
368,22,35,102.5415664123948,Month-to-month,Yes,0
369,65,71,104.4871347755229,Month-to-month,No,1
370,36,32,44.90087361090899,Month-to-month,No,0
371,21,11,77.67023988577563,Two year,Yes,0
372,52,10,26.725591396736785,Month-to-month,Yes,1
373,66,57,29.49179368216697,Two year,No,0
374,34,25,119.88926120332906,Two year,No,0
375,61,2,52.663924942591095,Month-to-month,No,1
376,45,64,94.81839120488463,Month-to-month,No,1
377,47,35,100.66650530268164,Two year,Yes,0
378,46,7,105.80232710072292,Two year,No,1
379,63,18,119.76282974021565,Month-to-month,No,1
380,23,67,44.149648525686786,Month-to-month,Yes,0
381,52,42,24.03508268596997,One year,No,0
382,58,39,61.1191517994586,One year,No,0
383,54,41,33.0080669828947,Month-to-month,No,1
384,41,24,22.242588916205513,One year,Yes,0
385,46,60,56.04268271414861,Month-to-month,No,0
386,66,46,98.37382510752364,Month-to-month,No,1
387,63,19,76.61806912250708,Month-to-month,No,0
388,48,68,51.277798921035405,Month-to-month,No,0
389,52,42,85.43420054927196,Month-to-month,Yes,0
390,50,32,43.20181803088107,Month-to-month,Yes,0
391,69,39,21.438144607208503,Month-to-month,No,0
392,38,36,96.43533864364274,Month-to-month,Yes,1
393,49,36,82.3743084864009,Month-to-month,No,1
394,40,3,96.23026245009599,Two year,No,0
395,50,8,23.89380166876656,Month-to-month,No,1
396,20,70,103.71196278306522,Month-to-month,No,0
397,35,41,81.95262000363033,One year,No,1
398,42,68,76.33953507126401,Two year,Yes,0
399,59,13,82.46140481145315,Month-to-month,No,0
400,48,49,106.4433246868364,One year,No,0
401,20,60,78.6936506558907,One year,No,0
402,57,2,78.09503798881794,One year,Yes,0
403,63,60,119.06791570657658,Month-to-month,No,1
404,41,5,95.6730167068568,One year,Yes,1
405,67,44,64.22938054511353,Month-to-month,Yes,0
406,49,27,90.73970000329277,One year,Yes,0
407,64,32,58.92304716917885,One year,No,0
408,39,21,42.8875462483499,Month-to-month,Yes,0
409,40,8,79.68518768877594,Two year,Yes,0
410,19,50,112.81820981139515,Month-to-month,Yes,0
411,44,67,112.91395200154628,Two year,Yes,0
412,59,44,54.19052781054903,Month-to-month,No,0
413,19,58,72.7677466221695,Month-to-month,Yes,0
414,43,3,41.16358985698612,Month-to-month,Yes,0
415,34,70,119.56311094988834,Two year,No,0
416,57,2,118.11179078679358,Month-to-month,No,1
417,50,44,84.95089297074473,Month-to-month,No,1
418,26,2,100.44140596774734,Month-to-month,No,0
419,60,35,91.51001612837,One year,Yes,0
420,65,30,79.31582190394681,One year,No,0
421,56,8,25.334799698889768,Month-to-month,Yes,0
422,46,22,65.4764342552661,Month-to-month,No,0
423,59,44,87.47863021674105,Month-to-month,No,0
424,43,58,87.75316138836847,Month-to-month,Yes,0
425,52,36,57.31226184223836,Month-to-month,No,0
426,67,69,114.16919866580305,One year,No,1
427,42,31,36.7357032236781,Month-to-month,No,0
428,41,47,70.03594462155607,Month-to-month,No,0
429,30,55,89.08839765508228,Month-to-month,No,0
430,24,62,89.71358058918092,Two year,Yes,0
431,53,30,84.86389567688155,Two year,Yes,0
432,62,55,47.52882134518602,Two year,No,0
433,37,16,35.620656868662195,Month-to-month,No,0
434,18,12,83.59403268267108,Month-to-month,No,0
435,25,17,79.93021161394378,Month-to-month,No,0
436,63,16,37.9356010289241,Month-to-month,No,1
437,33,12,90.51391455705634,One year,No,1
438,31,8,65.51719917336564,One year,No,1
439,29,3,86.7760591603153,Two year,No,0
440,68,16,103.73670797701507,Two year,No,0
441,40,30,36.972842857692314,Month-to-month,No,0
442,32,23,21.91448679968367,One year,No,0
443,45,5,97.91025863957867,Month-to-month,Yes,1
444,51,65,80.9697425152616,Month-to-month,No,0
445,19,30,89.96395696221217,One year,No,0
446,49,21,103.81549749886426,Month-to-month,No,0
447,40,70,100.28109348245005,Month-to-month,No,0
448,39,22,116.09201469288247,Month-to-month,No,0
449,68,32,73.59350788521182,One year,Yes,0
450,42,33,68.84956326599054,One year,No,0
451,39,16,60.18871998907301,Month-to-month,No,0
452,39,38,35.36910428442045,Two year,No,0
453,66,14,77.26072328820224,Month-to-month,Yes,0
454,69,36,47.70125243259788,Month-to-month,No,1
455,59,23,112.13075122129754,One year,No,1
456,23,66,78.31908042770976,One year,No,0
457,32,2,79.28401805081101,Two year,No,0
458,60,65,55.492466087701004,Month-to-month,No,0
459,54,67,25.198935197770748,One year,No,0
460,50,52,23.174376537298862,One year,No,0
461,25,62,62.33351441531975,Two year,No,0
462,61,23,28.456537809723784,Month-to-month,Yes,0
463,61,26,80.68469555401391,One year,No,0
464,22,68,108.09730056396575,One year,No,0
465,56,55,108.29148165187222,Month-to-month,No,1
466,21,6,85.90454101322324,Month-to-month,No,1
467,23,35,41.123183147293105,Month-to-month,Yes,0
468,62,22,106.29968313588721,One year,Yes,0
469,49,43,108.60934353132082,Two year,No,0
470,69,15,39.66535849529587,One year,Yes,0
471,47,60,93.74260857706773,One year,No,0
472,64,12,48.6519548927123,One year,No,0
473,52,49,100.26403123529296,Month-to-month,No,0
474,57,42,119.72378999036027,Month-to-month,Yes,0
475,69,38,23.002600532939283,Month-to-month,Yes,1
476,33,45,109.73658657909318,Month-to-month,No,1
477,30,35,82.26305335986581,Month-to-month,No,1
478,67,30,117.33826191648211,One year,No,0
479,59,30,66.50095175264276,Month-to-month,No,1
480,47,6,104.73879305713737,Month-to-month,No,1
481,36,67,26.239406859827724,Month-to-month,No,0
482,34,7,53.527905007829574,Month-to-month,No,1
483,36,52,26.701653775120995,Two year,No,0
484,45,14,117.53431334790706,Two year,Yes,0
485,43,15,101.69739072718367,One year,Yes,0
486,54,21,105.25474212459704,Month-to-month,No,0
487,43,35,113.79652314338942,One year,No,0
488,40,66,28.510348611978536,Two year,Yes,0
489,26,2,58.55975925133334,One year,Yes,0
490,29,35,27.103488904400212,Month-to-month,No,0
491,18,20,41.07931015500286,One year,Yes,0
492,18,10,42.936577703767234,Two year,No,0
493,64,25,66.91072110475787,One year,No,0
494,51,66,46.85621674536426,One year,No,0
495,49,25,30.09781068177611,Month-to-month,No,1
496,65,54,36.74910890941077,One year,No,0
497,42,33,34.72755635520909,Month-to-month,No,0
498,57,36,117.30767979122983,One year,No,1
499,62,14,95.92925069184736,Month-to-month,No,1
500,18,65,116.7761465269562,Month-to-month,No,0
501,33,54,63.974048650790856,Month-to-month,Yes,1
502,56,52,47.83684816626566,One year,Yes,0
503,22,3,99.82931972091866,Month-to-month,Yes,0
504,39,41,52.62539180411468,One year,Yes,0
505,46,6,49.938337370534825,One year,No,1
506,20,25,43.250599220783116,Month-to-month,No,0
507,29,13,32.96789782242354,Month-to-month,No,0
508,43,8,45.6463061016766,Month-to-month,No,1
509,33,21,55.53197484738877,Two year,No,0
510,68,68,87.39942081457303,One year,No,0
511,54,25,26.256484221945158,Month-to-month,No,0
512,39,68,41.0506939665343,Month-to-month,Yes,0
513,46,45,100.90236402916764,One year,Yes,0
514,31,60,34.69219235837708,Two year,No,0
515,45,12,54.26451465225215,Two year,No,0
516,22,32,106.46589218581401,One year,Yes,0
517,64,13,35.49253111434427,Month-to-month,Yes,0
518,66,31,28.27368356181899,Month-to-month,No,0
519,47,20,68.45379950800108,Month-to-month,Yes,0
520,63,18,50.24195112785364,Month-to-month,No,0
521,69,60,76.3408364483854,Month-to-month,No,1
522,22,63,100.38048904834751,Month-to-month,No,1
523,29,6,33.714848815274316,Month-to-month,No,0
524,33,32,78.0699084554285,Two year,No,0
525,43,43,70.55087603898639,One year,No,0
526,43,2,34.40787860131996,Two year,No,0
527,65,60,82.39984855289825,One year,No,1
528,38,23,47.364041786077166,Month-to-month,Yes,0
529,56,31,68.78343185440124,One year,No,0
530,53,5,28.227232427706188,Month-to-month,No,1
531,50,34,65.95840572136231,One year,No,0
532,47,10,50.64634680428203,Month-to-month,No,0
533,54,2,102.23812111853543,Two year,No,1
534,40,11,25.697872699736827,Month-to-month,Yes,1
535,27,50,61.860727491832996,Month-to-month,No,0
536,22,31,65.8431424131438,Two year,No,0
537,53,56,92.50060762991187,Month-to-month,No,1
538,51,9,77.4287575090211,One year,No,0
539,69,21,86.72123371941811,One year,Yes,0
540,48,28,97.7049285651756,Two year,No,0
541,27,62,106.22029736581888,Two year,Yes,0
542,36,7,51.38754967224705,Two year,No,0
543,49,16,73.8022705363903,Month-to-month,No,0
544,18,4,104.01080784391999,Two year,Yes,0
545,22,4,118.94511309650565,One year,No,1
546,62,40,108.95193110437631,One year,Yes,0
547,21,17,57.14672626243768,Month-to-month,Yes,0
548,33,52,39.516651721865045,One year,No,0
549,41,52,68.93925374065887,Two year,No,0
550,33,36,94.16414518360422,Two year,No,0
551,19,38,69.25690707532976,Month-to-month,No,0
552,66,50,68.31808633136686,Month-to-month,No,0
553,45,63,103.82304210818006,Month-to-month,No,1
554,49,63,56.14037790671863,Two year,Yes,0
555,44,62,105.97946748116456,One year,Yes,0
556,37,7,60.680480095172356,Month-to-month,No,0
557,41,27,52.82331056783394,Month-to-month,No,1
558,29,14,65.3989911199699,Month-to-month,No,0
559,67,71,96.24469586748684,Month-to-month,No,1
560,52,5,32.60020278639943,Two year,No,0
561,50,55,39.641921587201736,One year,Yes,0
562,50,2,115.1444825663092,Month-to-month,Yes,1
563,68,62,37.549162738135735,One year,No,0
564,60,21,76.77273179310546,Month-to-month,No,1
565,54,21,77.93144666619378,Two year,No,0
566,29,10,68.96244620502448,Month-to-month,Yes,0
567,20,58,84.47452485768186,Month-to-month,No,1
568,18,39,42.98267257976184,Month-to-month,Yes,0
569,50,5,75.26622677767483,One year,Yes,0
570,57,65,57.21732552468971,One year,No,0
571,27,13,86.1667259629189,One year,Yes,0
572,60,53,34.122354337314945,Month-to-month,No,0
573,61,45,77.08774168394763,Month-to-month,Yes,0
574,46,32,38.52703553833237,Month-to-month,No,0
575,30,36,47.86430631150364,One year,No,0
576,29,60,41.87098003235832,Month-to-month,No,1
577,48,11,38.28377798688171,One year,No,1
578,63,63,102.5710951560667,Two year,Yes,0
579,19,21,48.57075676608903,Two year,No,0
580,68,52,112.71237818644494,Month-to-month,No,1
581,67,55,116.99265253451908,Month-to-month,Yes,1
582,52,26,77.12604699370974,Month-to-month,No,1
583,40,68,34.30011226657264,One year,Yes,0
584,34,34,57.45482433795813,Two year,No,0
585,43,52,99.7732263348214,Month-to-month,No,1
586,25,52,56.739072869707044,Month-to-month,Yes,1
587,46,29,28.701721830278874,Two year,No,0
588,43,38,75.6784910928188,Two year,No,0
589,27,42,104.51208514960348,Month-to-month,No,0
590,43,21,99.59263871435024,One year,No,0
591,51,42,37.51231401303532,Month-to-month,No,0
592,68,13,87.27646144124667,Month-to-month,No,1
593,58,64,42.05042634356471,Two year,No,0
594,24,17,41.82075345521722,Two year,Yes,0
595,21,9,107.40717733051852,One year,No,0
596,67,41,44.96689527402302,Month-to-month,No,0
597,62,1,46.32473465180112,Two year,No,0
598,28,2,20.065339076129955,Month-to-month,No,1
599,46,60,107.06690341255177,Month-to-month,No,0
600,53,48,99.25948132091347,One year,No,0
601,42,29,82.7328935090678,Month-to-month,No,1
602,38,10,95.02657639388423,One year,No,1
603,53,58,35.20485674244918,One year,No,0
604,27,60,65.83235945875754,Month-to-month,No,0
605,54,21,55.121938734878086,Month-to-month,No,1
606,26,28,29.37765262570165,Month-to-month,No,0
607,41,34,68.6130485214924,Month-to-month,Yes,0
608,52,8,112.07396503426354,One year,No,0
609,66,59,24.005911905069446,Two year,No,0
610,52,49,49.14609134937939,Month-to-month,Yes,0
611,65,17,40.754093620570345,Month-to-month,Yes,0
612,53,60,43.81466536656963,One year,No,0
613,35,45,110.84345518793752,Two year,No,0
614,66,69,66.80690542342901,Month-to-month,No,0
615,56,32,66.62994129398189,Month-to-month,Yes,0
616,49,44,96.05756424552823,One year,Yes,0
617,41,65,35.44922040049258,Month-to-month,No,1
618,40,8,68.72653541000508,Month-to-month,No,0
619,49,43,62.99852141210597,One year,Yes,0
620,54,1,79.6910690546656,One year,No,0
621,29,51,119.95577032504386,One year,No,0
622,66,24,96.9448894082047,One year,Yes,0
623,30,24,59.78657030174272,One year,Yes,0
624,40,17,102.75530522740469,Month-to-month,Yes,0
625,42,5,37.07083633124802,Month-to-month,No,1
626,52,20,23.046368630896012,Month-to-month,No,0
627,58,21,40.444837246427305,Month-to-month,No,0
628,47,58,54.041155611425964,One year,No,0
629,34,31,71.05807574595599,Two year,No,0
630,66,11,81.51291405411999,Two year,No,0
631,37,52,111.06057172144217,One year,No,1
632,65,15,70.98540095504578,Month-to-month,Yes,0
633,42,7,70.12756446257293,Month-to-month,No,1
634,39,28,25.024300982298215,Two year,No,0
635,30,51,23.491155265622382,One year,No,0
636,36,58,75.11599619163721,One year,No,0
637,66,5,63.81786132483445,One year,Yes,0
638,53,5,103.91803949802986,One year,No,1
639,29,8,36.06795847118452,Two year,No,0
640,58,64,22.49716621170496,Month-to-month,No,1
641,36,10,64.90387679301259,One year,No,1
642,29,38,43.74785567522575,Two year,No,0
643,26,8,24.961437333883744,Month-to-month,No,1
644,24,25,92.4598286847629,One year,No,0
645,45,66,31.159299995724748,Month-to-month,No,0
646,31,50,80.83195000077717,Two year,No,0
647,48,67,48.10497501668891,Month-to-month,No,0
648,69,49,37.3496050355022,One year,No,0
649,36,36,57.97515229193175,Month-to-month,No,0
650,64,68,100.14457762229537,One year,Yes,0
651,33,41,59.20935769045727,Month-to-month,Yes,0
652,22,62,95.07696492110557,Month-to-month,No,1
653,52,10,32.54862967991507,Month-to-month,No,1
654,29,21,97.27714196650791,Two year,No,0
655,42,36,43.693332490664865,Month-to-month,No,1
656,69,12,87.73931298888728,Month-to-month,Yes,0
657,38,2,76.57815548409963,One year,No,0
658,53,13,112.91447172116874,One year,No,0
659,40,53,58.732251797531404,Two year,No,0
660,33,32,26.616518883444044,Month-to-month,No,0
661,56,16,21.91554855512529,One year,No,0
662,62,32,102.6858560972753,Month-to-month,Yes,1
663,59,32,72.47356376614322,Month-to-month,No,0
664,56,11,97.52440518349492,One year,Yes,0
665,31,10,43.44256000115147,One year,No,1
666,48,15,54.50837455132337,One year,No,0
667,22,17,23.010387221131893,Month-to-month,No,0
668,52,40,116.14923245741122,Month-to-month,No,1
669,40,18,86.78679067008134,Month-to-month,No,0
670,46,55,113.32050877593062,Two year,No,0
671,60,25,46.54964074290723,Month-to-month,Yes,1
672,28,59,81.14636112256608,Month-to-month,No,0
673,35,22,87.84999682926379,Month-to-month,No,1
674,64,30,51.754970025758844,One year,No,0
675,29,44,104.81092350156301,Month-to-month,No,0
676,26,32,114.71614629002478,Two year,Yes,0
677,27,51,108.48551176960044,Month-to-month,Yes,0
678,61,46,93.90669759393725,Two year,No,0
679,34,21,47.7464679724954,Month-to-month,No,0
680,55,32,48.16160421056317,One year,No,0
681,24,39,116.3360320446038,Two year,No,0
682,63,12,21.028449593569203,Month-to-month,Yes,0
683,30,47,91.60499732421445,Two year,No,1
684,57,18,90.62461625552622,Month-to-month,Yes,0
685,59,21,82.26895409497975,Two year,No,0
686,26,13,119.01088460868658,One year,Yes,0
687,67,21,51.18794357637252,Month-to-month,No,0
688,44,8,53.997186379324816,Month-to-month,Yes,0
689,19,46,27.893940294655554,Month-to-month,No,0
690,22,7,64.27981365437375,Month-to-month,No,1
691,46,23,46.10485262348481,Month-to-month,No,1
692,54,22,54.338670217764424,Month-to-month,No,1
693,55,22,103.45717902556277,Month-to-month,No,1
694,36,29,113.54845135274957,One year,Yes,0
695,25,13,38.57330720051856,Month-to-month,No,1
696,65,2,57.25089315534659,Month-to-month,No,1
697,62,29,112.8630562115394,One year,Yes,1
698,18,52,26.180846068922264,Month-to-month,Yes,1
699,39,27,29.236052811137853,Month-to-month,No,0
700,69,50,36.279098920622936,Month-to-month,No,0
701,34,23,79.52128341268747,Two year,No,0
702,24,44,35.04722710059975,Two year,No,0
703,42,22,116.80763814507335,Month-to-month,Yes,1
704,62,43,64.67145272585203,One year,Yes,0
705,21,37,70.15179603501664,One year,No,0
706,53,61,44.66586158054065,One year,Yes,0
707,23,56,67.09602524347335,One year,No,0
708,48,3,86.19136326370115,One year,No,0
709,36,63,95.11771369540428,Month-to-month,Yes,0
710,61,19,95.3868082709913,Month-to-month,No,1
711,56,23,77.78911126940883,Month-to-month,Yes,0
712,44,29,110.43597749938573,Two year,No,0
713,27,30,101.74078473061094,One year,Yes,0
714,43,39,95.70481146986255,Two year,No,1
715,36,25,25.560552168046062,Two year,No,0
716,56,8,20.68779622196493,Month-to-month,No,1
717,20,58,41.2447277195473,One year,No,0
718,62,16,86.35235939134523,One year,Yes,0
719,30,1,61.119748888254584,Two year,No,0
720,67,5,60.24062592993117,Two year,No,0
721,45,3,108.45868882296138,One year,No,0
722,37,65,109.55628481318388,Month-to-month,Yes,0
723,45,4,110.91752640535857,One year,No,1
724,25,64,51.387807651502726,Month-to-month,Yes,0
725,58,10,89.10558127392618,One year,No,0
726,56,21,47.163318127436966,Two year,Yes,0
727,18,46,39.06098330744498,Month-to-month,No,0
728,20,27,38.46324573473692,One year,Yes,0
729,30,66,54.2107620863594,Month-to-month,No,1
730,45,41,62.99576197798217,Month-to-month,No,0
731,66,13,103.09491710550684,Month-to-month,Yes,0
732,42,9,31.98910934727121,One year,No,1
733,50,36,93.49258473948942,Two year,Yes,0
734,55,58,73.14549141893053,Two year,No,1
735,23,54,48.794534267599246,Month-to-month,No,1
736,61,12,69.28195845328246,Two year,No,0
737,62,14,49.99420697770226,One year,No,0
738,49,34,79.6081955238306,Month-to-month,Yes,0
739,62,53,63.38439228552442,Month-to-month,No,1
740,64,20,36.44055290788788,Month-to-month,Yes,1
741,38,16,31.65830745556967,Two year,No,0
742,33,70,74.66956820721302,One year,No,0
743,38,56,110.24130332861034,One year,No,0
744,28,58,54.395768655768556,Month-to-month,Yes,0
745,54,4,93.30001072226231,One year,No,1
746,53,4,85.8661354939767,Month-to-month,No,1
747,52,20,113.1554914309481,Month-to-month,Yes,0
748,36,10,102.09810172991409,One year,No,1
749,37,24,76.6605258905463,Month-to-month,No,1
750,35,26,85.70304982341074,Two year,No,0
751,64,37,109.83864665840349,Month-to-month,No,0
752,58,54,59.95187845869348,One year,No,0
753,66,21,52.679470585777736,Month-to-month,Yes,0
754,31,38,21.081108363519633,One year,No,0
755,32,46,102.65510741914642,Month-to-month,Yes,1
756,48,4,100.0980700403365,Month-to-month,No,1
757,18,60,30.445451810015136,Two year,No,0
758,20,57,77.68573811327002,Month-to-month,No,0
759,33,45,66.39816981668874,Two year,No,0
760,40,20,31.870909550911147,Two year,Yes,0
761,28,17,118.05682270607235,Month-to-month,No,1
762,29,71,41.469588746335546,Month-to-month,No,0
763,27,4,26.723418009056115,One year,Yes,0
764,49,14,79.48473795019096,Two year,No,0
765,33,3,93.88666771330327,Two year,No,1
766,25,58,23.244344604718698,One year,No,0
767,55,55,85.87176387270222,One year,Yes,0
768,29,4,73.22918759514545,Month-to-month,No,0
769,41,24,30.326500887504842,Two year,Yes,0
770,45,34,37.252387694636205,Two year,Yes,0
771,25,30,76.79742973160805,Month-to-month,Yes,1
772,45,19,49.63576135132884,Month-to-month,Yes,0
773,53,31,113.8315728651316,Month-to-month,Yes,0
774,43,60,101.87402294840508,Month-to-month,No,1
775,25,60,118.3567206513663,Two year,No,0
776,67,19,45.9670838950414,Month-to-month,Yes,0
777,45,49,116.9723632797977,Month-to-month,Yes,1
778,45,63,63.12338697915579,Month-to-month,No,1
779,54,22,54.751879531375465,Two year,No,0
780,58,24,25.034952696935324,One year,Yes,0
781,53,30,25.27652578596026,Month-to-month,Yes,0
782,44,58,89.20112559466547,Month-to-month,Yes,0
783,34,31,65.79289944340279,Two year,Yes,0
784,26,64,42.65216260361057,Two year,Yes,0
785,50,19,81.39703063252327,Month-to-month,No,0
786,37,48,45.285811825011116,Month-to-month,Yes,1
787,30,45,77.76317543444226,Month-to-month,No,1
788,45,55,55.92087469826903,Month-to-month,Yes,0
789,65,55,102.3552226611819,One year,No,0
790,46,18,102.06961607667793,Two year,No,0
791,30,63,67.73503981224013,Month-to-month,No,0
792,63,47,55.08191093350156,Two year,No,0
793,52,57,56.25597965590946,Month-to-month,No,1
794,23,45,100.57145256682179,One year,No,0
795,35,33,52.8179482797612,One year,No,0
796,68,17,40.9059373706846,Month-to-month,No,0
797,22,70,28.468834187530682,Month-to-month,No,1
798,64,4,66.66931208844085,One year,No,0
799,42,20,68.21320989198418,Month-to-month,No,0
800,19,47,104.09087104029072,Month-to-month,No,0
801,27,15,42.1238696446064,One year,Yes,0
802,47,70,58.099127366839994,Two year,Yes,0
803,67,47,100.8405738893691,Month-to-month,No,0
804,62,9,102.36236107489735,Two year,Yes,0
805,22,16,58.46110759787682,Month-to-month,No,1
806,50,69,65.9124023286681,One year,Yes,0
807,18,61,50.328589084928296,One year,No,0
808,35,10,113.2554878419312,Two year,No,0
809,49,50,31.86437657415803,Month-to-month,No,0
810,64,3,113.374942300147,One year,No,0
811,66,70,88.38664518353433,One year,No,1
812,28,51,73.15721526867313,Month-to-month,No,1
813,38,19,23.26590607844959,Month-to-month,No,1
814,43,42,67.55961918220083,Month-to-month,Yes,0
815,42,35,60.774810500273226,Month-to-month,No,1
816,39,46,36.12188119751225,Two year,No,0
817,44,26,85.6409603500657,Month-to-month,No,1
818,66,69,117.11509073682858,Month-to-month,No,0
819,30,64,76.21888110645251,One year,No,0
820,50,37,91.47532764439458,Month-to-month,Yes,0
821,51,49,26.84504525660168,One year,Yes,0
822,58,21,61.76669958169947,Month-to-month,No,1
823,52,64,31.635848516449588,Two year,No,1
824,18,5,81.27958355365104,Two year,No,1
825,38,70,113.84821582141547,Two year,Yes,0
826,65,4,86.17777324716386,Month-to-month,No,1
827,23,39,27.680304831442154,One year,No,0
828,45,35,55.466620498508284,Month-to-month,No,0
829,34,1,75.06633794408515,Month-to-month,Yes,1
830,22,24,60.320775613325225,Month-to-month,Yes,0
831,48,57,103.36440104751723,One year,Yes,0
832,22,70,101.46710047099891,Month-to-month,Yes,1
833,55,41,81.18310201032214,One year,Yes,0
834,20,54,57.345794513270526,Month-to-month,Yes,1
835,40,46,45.533637376324414,Month-to-month,No,1
836,54,60,30.587431821312933,One year,No,0
837,54,60,55.4897683486554,Month-to-month,No,0
838,27,57,61.31725172077195,One year,Yes,0
839,27,31,87.58229251040736,Month-to-month,No,1
840,36,24,85.81598242975734,Two year,No,1
841,34,36,27.010813964125695,One year,Yes,0
842,38,30,59.525931543115775,Month-to-month,No,0
843,31,24,38.17788672173619,Month-to-month,Yes,0
844,26,30,35.68127053168057,One year,No,0
845,63,7,102.73021497372459,Two year,No,1
846,18,35,24.191521671625754,Month-to-month,No,0
847,68,55,61.91828759021213,Month-to-month,No,0
848,62,14,36.820365576651824,Two year,No,0
849,30,10,107.9330215678474,One year,No,1
850,21,16,75.70405132750352,Month-to-month,No,1
851,18,54,43.1380636376848,Month-to-month,Yes,0
852,66,70,70.24272871663764,Month-to-month,Yes,0
853,57,44,93.14863597031159,One year,No,0
854,49,45,115.81180089194338,Month-to-month,No,1
855,51,56,42.0446004245419,Two year,No,0
856,45,57,108.61817721293451,Month-to-month,Yes,0
857,48,21,113.43041141674902,Month-to-month,No,0
858,25,68,111.64205445320663,One year,Yes,0
859,56,50,83.541435686191,Two year,No,1
860,43,33,82.98206544347076,Two year,No,0
861,51,7,60.32106331838228,Month-to-month,No,1
862,20,70,95.23978823037879,One year,Yes,0
863,67,15,73.12940183509319,One year,No,0
864,29,32,87.74380712282945,Month-to-month,No,0
865,18,20,62.84579038487954,Month-to-month,No,1
866,61,15,93.14964640431391,Month-to-month,No,0
867,22,48,102.4471517604549,Month-to-month,No,1
868,47,71,34.643625660281614,Two year,No,0
869,47,21,103.2929715574228,Month-to-month,No,0
870,34,42,74.02965317903073,Two year,Yes,0
871,65,26,104.46659090902243,One year,No,0
872,64,14,63.13017063410146,One year,No,0
873,40,57,57.904048538303506,One year,Yes,0
874,32,37,111.50607325172224,Month-to-month,Yes,0
875,54,58,45.11692675484013,Month-to-month,No,0
876,38,21,104.42123252861431,Month-to-month,Yes,1
877,31,69,68.4020572509404,One year,No,0
878,19,3,71.40954425512598,Month-to-month,Yes,1
879,28,37,50.846828148948404,One year,No,0
880,68,49,77.30422006190156,Month-to-month,No,0
881,56,19,52.52111962762113,Month-to-month,No,0
882,55,12,23.926941424165232,Month-to-month,No,0
883,51,61,47.1998605344356,Two year,No,0
884,55,41,20.63790434065907,One year,No,0
885,67,33,117.83547870568566,Month-to-month,Yes,1
886,51,50,116.57472098197475,One year,Yes,0
887,35,68,59.5155297472305,Month-to-month,Yes,1
888,47,71,92.8370854339646,Two year,No,0
889,32,33,54.580609841042495,One year,Yes,0
890,44,24,87.1093157085976,Month-to-month,Yes,0
891,68,61,100.54300430459791,One year,No,0
892,51,61,114.67562446922408,Month-to-month,No,1
893,69,28,60.0212275849672,Two year,No,0
894,55,58,98.32979829560477,Month-to-month,Yes,1
895,50,43,46.59284506321188,One year,Yes,0
896,41,41,119.03323037936484,Month-to-month,No,1
897,32,39,22.576959876435115,One year,Yes,0
898,47,49,80.3528806501121,One year,No,0
899,59,17,85.95059816513272,One year,No,1
900,68,70,88.80455570741289,One year,No,1
901,34,70,32.0387578789089,Two year,Yes,0
902,22,65,113.85297834731304,Month-to-month,No,0
903,46,5,38.11832790500828,Month-to-month,No,1
904,21,2,82.27534032398411,Month-to-month,No,1
905,27,22,42.26760791230849,Two year,No,0
906,34,57,50.72164170212709,Month-to-month,Yes,0
907,27,66,74.64585417281243,One year,Yes,0
908,34,16,61.719341856457646,One year,No,0
909,37,51,36.022560097650626,Month-to-month,No,1
910,41,39,37.09364024208483,Month-to-month,No,1
911,22,40,61.814478816279966,Month-to-month,No,1
912,51,38,95.72829782755008,Month-to-month,No,0
913,23,60,109.79646468477885,Month-to-month,No,1
914,19,59,28.412766225938284,Month-to-month,No,0
915,30,10,59.310390755940105,Two year,Yes,0
916,60,64,30.024556372287662,Two year,No,0
917,60,63,21.65924806325979,Month-to-month,Yes,0
918,65,49,86.17186826439566,Month-to-month,No,1
919,28,64,80.24494419665878,Month-to-month,No,1
920,68,32,36.30191138148862,One year,No,0
921,64,7,43.38128330930641,Two year,Yes,0
922,40,21,22.370775364451838,Month-to-month,No,0
923,33,20,103.49472056944037,Month-to-month,Yes,1
924,48,26,117.46905960485515,One year,No,0
925,28,68,33.54595367946908,One year,Yes,0
926,33,15,43.14752137652981,Month-to-month,No,0
927,25,14,106.8409523946934,One year,No,0
928,21,27,112.64637979561849,Month-to-month,No,0
929,57,40,61.96273828068103,Month-to-month,No,1
930,21,58,25.062247226907413,One year,Yes,0
931,42,28,23.939183369281942,Two year,Yes,0
932,20,26,77.39498660690104,Month-to-month,No,0
933,49,63,59.2895108893179,Two year,No,0
934,20,66,22.86524275776545,Month-to-month,Yes,0
935,44,25,78.32523923125568,One year,No,0
936,46,3,21.130253658902248,Month-to-month,No,1
937,49,44,98.73719581492729,Two year,Yes,0
938,67,42,50.64328227033715,Two year,Yes,0
939,68,6,24.02580030092321,Month-to-month,Yes,0
940,36,39,78.83522209831534,Two year,No,0
941,38,52,59.76844144330547,Two year,No,0
942,22,23,117.38004133571495,One year,No,0
943,35,50,74.41986625037022,Month-to-month,No,1
944,45,43,47.52391810370083,Two year,Yes,0
945,59,19,90.94388646339748,Two year,No,0
946,39,69,47.149200254271136,Month-to-month,No,0
947,38,51,110.42432914075651,Two year,Yes,0
948,23,11,57.47219705073764,Month-to-month,No,1
949,18,12,74.98685627762052,Month-to-month,No,1
950,22,8,25.057310382422884,One year,No,1
951,58,24,62.61212379522308,One year,No,0
952,29,41,103.2363539660995,One year,Yes,0
953,43,36,100.56488053633419,Month-to-month,Yes,1
954,63,55,42.431855885352626,Two year,No,0
955,51,9,42.60790710105627,Month-to-month,Yes,1
956,66,47,101.73053122132367,Month-to-month,No,0
957,31,15,113.03984201693255,Month-to-month,No,1
958,43,48,29.536092127300357,One year,No,0
959,62,42,65.00586394262253,Two year,No,0
960,44,60,53.745427896422896,One year,No,0
961,26,70,107.06884554574394,Two year,No,1
962,43,12,28.352491468001876,Month-to-month,No,0
963,64,2,41.11259425580374,One year,Yes,0
964,39,7,95.24683375864943,Month-to-month,Yes,1
965,64,3,25.129384898121558,Month-to-month,No,0
966,47,3,69.25353807142892,Month-to-month,Yes,0
967,60,27,64.210703467972,One year,Yes,0
968,65,40,53.44011789887487,One year,Yes,0
969,34,33,59.457231531892376,One year,No,0
970,43,1,72.99405869302329,Month-to-month,No,1
971,53,8,36.13673583883831,Month-to-month,Yes,0
972,18,32,77.19958782835928,One year,No,0
973,25,48,100.54323292999864,Month-to-month,No,1
974,66,4,96.01609297901591,Two year,Yes,0
975,52,70,35.389990469377366,One year,No,0
976,69,19,34.92494697414739,Month-to-month,No,0
977,32,32,46.817436774491334,Two year,No,0
978,64,9,56.10747263410372,One year,No,0
979,39,12,60.84555814084826,Month-to-month,Yes,0
980,31,11,87.96972168333453,One year,No,0
981,43,46,25.66804321658354,Month-to-month,Yes,0
982,45,16,23.46727042260664,Two year,No,0
983,40,1,59.191056294390904,Two year,No,1
984,31,63,89.71636921379805,Two year,No,1
985,41,21,39.343534295648254,One year,Yes,0
986,19,30,84.15044812562518,Month-to-month,No,1
987,62,13,45.98281379402995,One year,No,0
988,43,34,108.60861088135164,Month-to-month,No,1
989,31,4,109.56899442666165,One year,No,1
990,68,28,49.72872042813265,One year,No,0
991,24,59,42.999375396324055,Month-to-month,No,0
992,20,27,61.13039720662313,Month-to-month,No,0
993,64,69,44.05315851801487,Two year,No,0
994,40,25,87.23838432917036,Two year,No,1
995,63,3,102.60646845482856,Month-to-month,No,1
996,60,68,87.3092130911217,Month-to-month,Yes,1
997,64,25,102.43504472493495,Month-to-month,No,1
998,62,20,59.69921622074742,Two year,No,0
999,35,34,35.631697070886084,Month-to-month,Yes,1
1000,55,26,93.79509473975922,One year,No,0
1001,52,5,56.047450514155386,Month-to-month,No,1
1002,68,61,87.12708252291326,One year,No,0
1003,32,9,47.064394198176565,Month-to-month,No,0
1004,42,50,28.122963480667266,One year,Yes,0
1005,54,6,119.25817954877634,Month-to-month,Yes,0
1006,45,60,35.62015079305993,One year,No,0
1007,27,44,118.8420993963481,Month-to-month,Yes,0
1008,56,11,117.72799325664472,One year,Yes,1
1009,34,66,99.38181039080396,Two year,No,0
1010,56,47,85.94229620819976,Month-to-month,No,1
1011,39,3,77.78070502510846,Two year,No,0
1012,43,30,106.61015453778347,One year,No,1
1013,61,21,48.94395216194879,Month-to-month,Yes,0
1014,42,28,66.7681212484877,Month-to-month,Yes,0
1015,34,62,81.9389969366502,Month-to-month,No,1
1016,30,33,61.11904758694911,One year,No,0
1017,37,35,62.7486454090268,One year,Yes,0
1018,42,52,53.02846675020844,Month-to-month,No,0
1019,21,34,76.4231816684536,One year,Yes,0
1020,27,41,105.0574528015116,Two year,No,1
1021,20,51,40.15283780063129,Two year,Yes,0
1022,58,47,113.44330387534414,One year,Yes,0
1023,62,58,88.90876537482296,Two year,Yes,0
1024,35,57,102.32732126800302,One year,No,1
1025,64,23,75.61906926300117,Month-to-month,No,0
1026,53,48,97.95167014240634,Two year,No,0
1027,64,22,21.620039733946722,Month-to-month,No,0
1028,39,17,101.83804247795352,Month-to-month,No,1
1029,51,69,24.01388590853665,Month-to-month,Yes,0
1030,64,11,108.99133763628625,Two year,No,1
1031,25,15,119.19627472386433,Two year,No,0
1032,57,35,49.40674621767778,Month-to-month,No,0
1033,66,33,41.031855628579365,Month-to-month,Yes,0
1034,61,16,96.53633638580408,Month-to-month,No,1
1035,36,34,45.30263409202532,One year,Yes,0
1036,59,66,106.55623831722035,Month-to-month,No,1
1037,58,40,30.28425921574767,One year,Yes,0
1038,54,28,32.59551963793582,Month-to-month,No,1
1039,23,47,117.91515551006155,Month-to-month,No,0
1040,69,39,87.38388982700046,Month-to-month,No,1
1041,43,70,104.68872244289528,Month-to-month,No,0
1042,51,20,52.4329377351518,Two year,No,0
1043,62,1,87.64837495206044,Month-to-month,No,1
1044,23,63,79.42418273085971,Month-to-month,No,1
1045,54,67,80.3150120122947,Month-to-month,No,1
1046,50,4,88.25324595377215,Month-to-month,No,0
1047,39,58,77.53591731290986,Month-to-month,Yes,0
1048,38,25,62.906236930266594,Month-to-month,No,0
1049,23,47,47.592269438054686,One year,No,0
1050,23,38,96.8581330913202,One year,No,0
1051,65,15,42.62724300031862,Month-to-month,No,1
1052,21,63,89.23543061544142,Month-to-month,No,1
1053,47,21,43.33328226493266,Two year,Yes,0
1054,28,57,82.5330169954454,Month-to-month,Yes,1
1055,47,53,94.70782671290289,Month-to-month,Yes,0
1056,48,46,41.87138889065392,Month-to-month,No,0
1057,41,14,25.99433008613083,Month-to-month,No,1
1058,26,17,33.09737429941741,One year,No,0
1059,20,39,80.59969672710255,Month-to-month,No,1
1060,68,9,104.94464062257356,One year,Yes,1
1061,48,6,24.499682123542435,Month-to-month,No,1
1062,57,23,93.41512590416463,Month-to-month,No,1
1063,54,59,54.13186459500521,One year,No,0
1064,53,46,67.85283699195224,Month-to-month,No,0
1065,41,38,112.88595498455656,One year,No,1
1066,48,14,53.19715047358455,Month-to-month,No,1
1067,23,62,66.5336933939486,One year,No,0
1068,19,35,21.36824147606811,Month-to-month,Yes,0
1069,37,19,28.159872000483837,Two year,Yes,0
1070,45,30,45.8591591134784,Month-to-month,No,0
1071,28,25,22.78522408210744,Two year,No,0
1072,21,40,83.1375326048251,Month-to-month,No,0
1073,32,14,62.63983568016225,One year,No,0
1074,23,26,74.81452027280221,Month-to-month,No,1
1075,66,22,37.46471858963295,Two year,Yes,0
1076,47,48,49.59320294366161,Month-to-month,No,1
1077,55,51,86.38244748527251,Month-to-month,No,1
1078,68,3,116.53027236303998,Month-to-month,Yes,1
1079,19,42,25.04167736022092,Month-to-month,No,0
1080,32,19,109.03843208552661,Month-to-month,No,1
1081,28,28,77.68812013112085,Two year,No,0
1082,25,45,76.39195667556237,Two year,No,0
1083,43,71,70.02785352077603,Month-to-month,No,0
1084,68,63,26.93940859041834,Two year,No,0
1085,62,19,28.987685173616065,One year,No,0
1086,61,47,80.09120056590861,Month-to-month,No,1
1087,22,14,54.09585714355583,One year,Yes,0
1088,23,38,111.72680665776807,One year,No,0
1089,43,53,60.659053735947225,Two year,Yes,0
1090,21,61,34.32814587026411,Month-to-month,Yes,0
1091,36,36,91.4718833502036,One year,No,1
1092,37,40,49.335342144100984,Month-to-month,Yes,0
1093,50,30,72.54703073558932,Month-to-month,No,0
1094,37,9,89.783278550517,Month-to-month,Yes,0
1095,66,64,110.02641112020704,Two year,No,0
1096,29,33,99.2191194801676,Two year,Yes,0
1097,64,52,87.63610678727241,One year,Yes,0
1098,18,14,87.96331823951436,One year,Yes,0
1099,43,53,114.59246440320865,Month-to-month,No,0
1100,31,59,49.58240974965361,Month-to-month,No,1
1101,55,41,20.111209419618742,Month-to-month,Yes,0
1102,54,68,47.195455939819865,Month-to-month,No,1
1103,28,68,41.7891379626744,One year,No,0
1104,53,8,86.18345851139982,One year,No,0
1105,30,2,83.3711599765529,Month-to-month,No,1
1106,60,41,79.34613827047238,Month-to-month,No,0
1107,20,55,21.62434432094537,Month-to-month,Yes,0
1108,50,16,92.87780544506475,Month-to-month,No,1
1109,23,62,52.353041248549154,Two year,No,0
1110,67,48,86.50559890066312,One year,No,0
1111,27,30,75.65784285021533,Two year,Yes,0
1112,22,12,54.27309254279072,Month-to-month,Yes,0
1113,40,35,33.45762671041078,Month-to-month,No,0
1114,27,11,29.441889766048096,Month-to-month,No,0
1115,61,64,103.15183331122236,Two year,No,0
1116,19,50,111.8397542081558,One year,No,0
1117,30,21,84.97880467642996,Month-to-month,Yes,1
1118,57,69,30.34341148604834,One year,No,0
1119,19,48,60.20272168882407,Month-to-month,No,0
1120,37,20,92.89392001051573,One year,No,1
1121,18,67,97.9820884010068,Two year,Yes,0
1122,54,44,31.82186222910886,One year,No,0
1123,26,33,20.00307188453824,One year,No,0
1124,34,61,91.2137045880605,Month-to-month,Yes,0
1125,26,9,55.659617598620564,Month-to-month,No,1
1126,28,68,45.44813316182602,Month-to-month,No,1
1127,32,35,21.289746978952543,Month-to-month,Yes,0
1128,41,65,74.02994067614998,One year,No,0
1129,55,8,105.11507354259817,One year,No,1
1130,52,45,115.76316462725879,Month-to-month,No,0
1131,47,47,76.57449506132892,Two year,No,0
1132,48,40,71.44613277398942,Month-to-month,No,0
1133,66,54,28.50563854892411,Month-to-month,Yes,0
1134,22,46,74.88728015425997,Month-to-month,No,0
1135,61,47,57.99790789653946,Month-to-month,No,0
1136,67,15,80.71352808835769,Month-to-month,No,0
1137,31,19,58.87263478765467,Month-to-month,No,0
1138,28,26,44.02991234503668,Month-to-month,Yes,0
1139,26,52,29.49652752283765,Two year,No,0
1140,51,22,51.491844458889574,Month-to-month,No,0
1141,29,21,29.664483428775227,Month-to-month,Yes,0
1142,52,51,37.689695082398394,Month-to-month,No,0
1143,52,38,118.73361585795459,One year,No,0
1144,18,20,64.41035569066186,Month-to-month,No,0
1145,57,29,73.18717665050166,Two year,Yes,0
1146,39,51,107.36185287372153,One year,No,0
1147,46,4,119.55689004906878,One year,Yes,0
1148,25,55,78.27144493446815,One year,Yes,0
1149,28,71,101.24738210441717,Month-to-month,No,1
1150,58,28,52.694102433667524,Month-to-month,Yes,0
1151,54,4,50.57439574472911,Month-to-month,Yes,1
1152,31,22,60.27037209945602,One year,Yes,0
1153,47,45,87.25072626736491,Month-to-month,Yes,0
1154,52,67,88.21916892550988,Month-to-month,Yes,0
1155,38,66,51.52394346494508,Two year,No,0
1156,54,34,33.320992413662864,Month-to-month,Yes,0
1157,22,55,83.23962564655085,Two year,Yes,0
1158,36,1,32.83258621887645,One year,Yes,0
1159,31,38,77.84925082293302,Month-to-month,No,1
1160,43,6,89.3422128056309,Month-to-month,No,1
1161,21,25,90.06114963944516,Month-to-month,No,1
1162,42,17,95.34721106595967,One year,No,0
1163,62,61,107.28594215656645,One year,No,0
1164,59,12,69.99589919647885,One year,No,0
1165,42,6,93.02491895295712,Two year,Yes,1
1166,35,27,81.91727353658368,One year,No,0
1167,57,8,38.66399397976826,Month-to-month,No,0
1168,25,65,22.568964486940818,Month-to-month,No,1
1169,56,57,48.45413856769338,Two year,Yes,0
1170,57,40,64.30337063376194,Month-to-month,No,0
1171,31,14,81.71059444286563,Month-to-month,Yes,0
1172,49,35,104.99593305032053,One year,Yes,0
1173,68,48,39.62457167061656,Month-to-month,No,0
1174,55,56,32.55497898984771,Two year,No,0
1175,50,49,116.34799474743275,One year,No,0
1176,40,13,30.80445593764071,Month-to-month,No,0
1177,32,61,67.84910701071891,Two year,Yes,0
1178,50,49,78.55637287933018,Month-to-month,Yes,0
1179,42,46,74.13744209074383,Month-to-month,Yes,0
1180,34,62,28.60321570329432,Month-to-month,No,0
1181,50,8,25.702691400361935,Month-to-month,Yes,1
1182,64,43,30.548342746103568,Month-to-month,Yes,1
1183,19,20,78.55876838726125,Month-to-month,No,0
1184,31,39,74.43448876343211,Month-to-month,Yes,0
1185,57,49,43.37407920367443,Month-to-month,No,0
1186,57,64,83.77741418455915,One year,No,1
1187,68,62,102.00675020556494,Two year,No,1
1188,56,54,24.157895984659376,Month-to-month,No,1
1189,68,9,69.81299435480423,Month-to-month,No,1
1190,23,37,88.93104121026903,Month-to-month,Yes,0
1191,23,49,45.23119270696871,Month-to-month,No,0
1192,20,41,50.77709052931491,One year,No,0
1193,24,17,81.36379029893838,One year,Yes,0
1194,68,21,109.7935293443737,Month-to-month,Yes,1
1195,25,51,100.99244203028994,Month-to-month,No,1
1196,59,59,78.31302190995835,Month-to-month,No,0
1197,69,39,93.02217177572491,One year,No,0
1198,32,55,56.482247020779866,Month-to-month,No,1
1199,64,41,84.09655280987577,Two year,Yes,0
1200,46,39,66.6181591127557,One year,No,0
1201,50,13,38.99361364575609,Month-to-month,No,0
1202,69,64,90.17382738772572,One year,Yes,0
1203,47,11,75.6464637348822,Two year,No,0
1204,56,19,55.86215819535914,One year,No,0
1205,44,11,111.13391900786307,Month-to-month,No,1
1206,53,46,22.09341178267333,Month-to-month,Yes,0
1207,46,45,51.5773151249496,Two year,No,0
1208,55,1,25.688139777764654,One year,No,1
1209,50,40,96.65273162216272,One year,No,0
1210,54,19,90.21074541137926,Two year,No,1
1211,44,61,53.13522187363171,Two year,Yes,0
1212,50,12,87.5662902207073,Two year,No,0
1213,21,61,59.593722619594985,Month-to-month,No,0
1214,39,33,95.62537914224343,One year,Yes,0
1215,19,45,65.41836627367061,One year,No,0
1216,27,69,61.22797278316656,One year,No,0
1217,22,8,113.4729915488301,One year,No,0
1218,27,25,45.08790998907003,Month-to-month,Yes,0
1219,50,46,32.04473399965654,One year,No,0
1220,55,30,78.45431132594581,One year,No,1
1221,30,47,116.93218122841789,Month-to-month,No,1
1222,48,49,57.783921372718666,Month-to-month,No,1
1223,64,47,26.203676362878152,Month-to-month,No,0
1224,53,18,53.93052673095674,Month-to-month,Yes,0
1225,62,66,70.59316543195584,Month-to-month,No,0
1226,41,68,36.192300663221374,Month-to-month,No,1
1227,69,33,85.8102218056492,One year,No,0
1228,32,36,119.77493890102006,One year,Yes,0
1229,46,19,65.17394759814438,One year,No,0
1230,25,28,55.472855673021265,Two year,No,0
1231,22,40,60.070416683446666,Month-to-month,No,0
1232,46,15,31.514617839520113,Month-to-month,Yes,0
1233,64,41,108.32736014262238,Two year,Yes,0
1234,21,39,61.4825655521352,Month-to-month,No,1
1235,29,2,58.72744114248413,Two year,Yes,1
1236,62,63,85.96902729304743,Two year,No,1
1237,19,29,64.20334209311235,One year,Yes,0
1238,44,66,84.8233468807846,Two year,No,0
1239,48,51,26.14462901307875,Month-to-month,No,0
1240,68,10,101.37233437222274,Month-to-month,No,1
1241,68,14,114.05039528794026,One year,No,0
1242,53,51,84.8765386159386,Month-to-month,No,1
1243,53,39,115.45659288588108,Two year,Yes,0
1244,43,28,35.14323143699633,Month-to-month,Yes,1
1245,60,3,67.74161894803537,One year,No,0
1246,44,70,80.18067339454473,One year,No,1
1247,22,27,78.17366474211866,One year,No,0
1248,37,2,60.14617790890432,Month-to-month,No,1
1249,28,38,53.80844093662614,Month-to-month,No,1
1250,27,3,32.68240225504188,Two year,No,0
1251,57,16,59.17424505622782,Month-to-month,Yes,0
1252,55,40,36.26608151054852,Two year,No,0
1253,23,2,93.43656764922184,One year,No,1
1254,25,41,40.883093549459,One year,No,0
1255,40,12,25.856530528453384,One year,No,0
1256,64,35,75.23661378172343,Month-to-month,No,0
1257,43,65,79.52297327194016,One year,No,0
1258,63,55,107.19130612805056,Two year,No,0
1259,60,45,77.69816124176819,Month-to-month,Yes,0
1260,29,62,54.54808537234457,Two year,Yes,0
1261,43,49,100.30118815263205,Month-to-month,No,1
1262,30,25,74.0278893187421,Month-to-month,No,0
1263,57,23,27.928028463119176,Month-to-month,No,0
1264,35,24,76.58505603132467,Two year,Yes,0
1265,42,38,110.80185454216624,Month-to-month,Yes,1
1266,50,28,59.631262549822054,Two year,No,0
1267,64,21,49.632580189980004,Two year,No,1
1268,57,54,34.34694570180201,Month-to-month,No,1
1269,60,18,35.14455219353573,Month-to-month,No,0
1270,29,36,63.27714843418189,One year,Yes,0
1271,61,45,79.56798241615294,Month-to-month,No,1
1272,53,53,28.061540516960175,One year,No,0
1273,65,30,113.95685890251657,Month-to-month,Yes,1
1274,21,60,95.51336174451959,Month-to-month,No,1
1275,22,32,78.66239182836627,One year,Yes,0
1276,54,67,102.84386709389908,Month-to-month,Yes,0
1277,25,67,28.018675681211327,Month-to-month,Yes,0
1278,59,28,67.68388777331245,Month-to-month,Yes,1
1279,66,44,83.00931268616634,Month-to-month,No,1
1280,45,41,102.86529061182893,One year,No,1
1281,48,63,98.34695600492677,Two year,No,0
1282,26,23,47.70692497133996,Month-to-month,No,1
1283,68,48,114.08801695592042,One year,Yes,0
1284,46,32,32.43458414308704,One year,Yes,0
1285,31,57,107.51336186211522,Month-to-month,No,1
1286,57,33,117.09402496046185,Month-to-month,No,0
1287,58,24,37.71535232226256,Two year,Yes,0
1288,39,39,92.20660642037853,One year,No,0
1289,28,34,24.028551877799845,One year,No,0
1290,40,56,60.542282513915495,One year,No,0
1291,18,28,71.6283299197674,Month-to-month,No,0
1292,63,37,78.0645225909634,One year,Yes,0
1293,54,7,113.59372482485595,One year,No,1
1294,38,68,87.22506872941946,One year,Yes,1
1295,43,37,68.1277951219237,Month-to-month,No,0
1296,63,56,100.96750362658894,Month-to-month,Yes,0
1297,53,65,115.05328209544089,Month-to-month,No,1
1298,40,65,22.206614868229085,Two year,Yes,0
1299,18,47,118.25212722560387,Month-to-month,No,1
1300,68,20,28.61321390636803,Month-to-month,No,0
1301,57,19,101.43867792687614,Month-to-month,No,0
1302,32,29,48.03347525514125,Month-to-month,No,1
1303,38,60,33.21796577538717,One year,No,0
1304,64,18,63.98556397138349,One year,No,0
1305,26,35,84.39565794476135,One year,No,0
1306,26,43,58.0951845023475,Month-to-month,No,0
1307,27,11,25.456540828269894,One year,No,1
1308,69,49,79.94611396587166,Month-to-month,No,0
1309,43,38,110.24032761106747,Month-to-month,No,1
1310,58,64,58.32153659472517,Month-to-month,No,0
1311,52,69,41.6332777630827,Month-to-month,No,1
1312,69,8,64.25773459328154,Month-to-month,No,1
1313,42,34,24.836271104878087,One year,No,0
1314,43,48,102.04875844802748,One year,Yes,0
1315,28,56,102.63408109501867,Two year,No,0
1316,55,65,78.80004634296284,Month-to-month,No,1
1317,19,31,55.31028889383895,Month-to-month,No,0
1318,24,4,99.97833644457833,Month-to-month,No,1
1319,35,50,75.46870247883672,Two year,Yes,0
1320,44,69,102.59323085500162,One year,No,0
1321,51,30,83.14587925830206,One year,No,0
1322,44,59,98.44054732127972,Month-to-month,No,1
1323,34,67,79.85629932177599,One year,Yes,0
1324,60,45,61.41410682156662,Month-to-month,No,0
1325,61,4,115.79458599261376,One year,No,0
1326,68,26,74.11138248788447,Two year,Yes,0
1327,41,27,80.50895185405383,Two year,No,0
1328,42,46,42.048763941474924,One year,Yes,0
1329,24,64,82.56507894272764,Month-to-month,No,1
1330,69,51,77.16076494829439,Two year,Yes,0
1331,23,50,38.48383979470249,One year,Yes,0
1332,41,6,25.958709735314372,Month-to-month,No,0
1333,50,59,80.43593197147712,Month-to-month,Yes,1
1334,66,15,96.36922693503206,Month-to-month,Yes,1
1335,46,30,72.34013709220082,Month-to-month,No,1
1336,60,42,42.67726253196457,Month-to-month,No,0
1337,39,37,86.65219766930349,One year,No,0
1338,43,42,28.010572660960225,Month-to-month,No,1
1339,45,35,64.18337048019546,Month-to-month,No,0
1340,67,6,36.336675839842016,One year,No,0
1341,38,68,38.44590510598834,Two year,Yes,0
1342,66,18,40.229394915820365,One year,Yes,0
1343,24,29,58.67070570439779,Month-to-month,No,1
1344,34,59,25.115020562039764,Two year,No,0
1345,37,47,59.77934409290982,Two year,No,0
1346,58,17,71.17074471147009,Month-to-month,No,1
1347,66,22,68.32942849663252,Month-to-month,No,0
1348,37,68,58.27841004030405,One year,Yes,0
1349,39,69,103.91466080707525,Two year,Yes,0
1350,45,37,34.53266924205041,Two year,No,0
1351,57,49,70.56967437813739,Two year,No,0
1352,66,13,26.20414169565543,One year,No,0
1353,24,34,27.115567887790974,One year,Yes,0
1354,18,53,77.38658496770964,Month-to-month,No,0
1355,49,51,76.6018424887821,Month-to-month,No,1
1356,30,3,107.8033512844457,Month-to-month,Yes,0
1357,47,42,75.78736756600732,One year,No,0
1358,40,32,115.97910204048502,One year,No,0
1359,68,51,24.869484839992978,One year,No,1
1360,36,46,29.800768478074104,Month-to-month,No,1
1361,49,21,24.40658615703814,One year,Yes,0
1362,47,44,38.527685033354004,Month-to-month,No,1
1363,46,11,74.12701109416781,Month-to-month,Yes,1
1364,66,68,84.5572181427428,One year,No,0
1365,62,1,24.558515794866878,One year,No,0
1366,46,63,114.59708898455993,Two year,No,0
1367,47,24,104.2165376650381,Month-to-month,No,0
1368,33,13,49.661248215709314,Month-to-month,No,0
1369,57,11,27.718753022646794,Month-to-month,No,1
1370,36,51,36.98870732190573,Month-to-month,No,0
1371,35,17,32.69444137549726,Two year,No,0
1372,18,24,32.328377929894685,One year,No,0
1373,31,19,71.8561688665734,Two year,No,0
1374,68,37,44.584744249340034,Month-to-month,No,0
1375,64,8,55.81397165291445,Two year,No,0
1376,67,28,118.95053333843225,Month-to-month,No,0
1377,19,5,88.43142489253448,Two year,Yes,0
1378,45,17,114.89806670470014,Month-to-month,Yes,0
1379,66,36,34.25565550331156,Month-to-month,Yes,0
1380,67,19,58.21394748325693,One year,No,0
1381,47,64,75.47318032823543,Two year,No,0
1382,55,11,27.6758061888738,Month-to-month,No,0
1383,68,54,20.418744362795785,Month-to-month,No,1
1384,21,45,87.04343337969175,Two year,No,0
1385,18,47,84.18195168014353,Month-to-month,No,1
1386,25,12,61.07888099996118,Month-to-month,Yes,1
1387,46,21,68.96440760320326,Month-to-month,Yes,1
1388,56,11,61.54430005920896,Month-to-month,No,1
1389,20,5,22.400504484488884,Two year,No,0
1390,49,56,53.537160621746246,One year,No,0
1391,27,20,37.708225539728986,One year,Yes,0
1392,27,41,29.842418910136875,Two year,No,0
1393,36,46,115.67204338893498,Month-to-month,Yes,0
1394,63,12,79.93597250421656,Month-to-month,Yes,0
1395,51,70,92.86562842366027,Month-to-month,Yes,0
1396,50,17,51.53637432661175,Month-to-month,Yes,0
1397,40,19,59.31471294940152,Month-to-month,No,1
1398,45,26,43.692399389672346,Two year,Yes,0
1399,49,48,29.696567096542474,One year,No,0
1400,67,52,37.90316374415838,Month-to-month,No,0
1401,24,70,99.75140452964858,One year,Yes,0
1402,46,55,87.75458051837758,One year,Yes,0
1403,25,33,74.69288759854769,Two year,No,0
1404,18,62,67.50898728667681,Two year,Yes,0
1405,20,23,112.24342836561244,One year,No,0
1406,41,15,27.27349477786684,One year,No,0
1407,40,27,48.06008132379159,One year,Yes,0
1408,25,64,54.9937853570714,One year,No,0
1409,64,51,98.24258122127878,Month-to-month,Yes,0
1410,54,53,119.25146201619714,Month-to-month,No,1
1411,20,51,44.0670514757153,One year,No,0
1412,68,47,107.43073341370805,Month-to-month,Yes,1
1413,50,4,103.06227604317912,Month-to-month,Yes,0
1414,45,7,42.46573976417666,One year,No,1
1415,64,35,59.933258019922256,Month-to-month,No,1
1416,25,48,60.96728692925191,One year,Yes,0
1417,51,45,117.82206685265584,One year,No,0
1418,52,19,38.08919013788983,Two year,No,0
1419,49,63,99.91579711047821,Month-to-month,No,0
1420,41,38,53.419271417310995,Month-to-month,Yes,0
1421,31,67,93.08703457761604,One year,No,1
1422,49,59,62.001100429566286,Two year,No,0
1423,63,69,77.83597631165401,Two year,Yes,0
1424,60,13,103.26117733261312,Month-to-month,No,0
1425,33,47,100.41655649838842,Month-to-month,No,0
1426,21,61,106.64231835397001,Two year,No,1
1427,69,31,25.961732534465902,Month-to-month,Yes,0
1428,54,22,89.20505530397449,One year,No,0
1429,38,43,33.99873767217629,Month-to-month,No,0
1430,31,67,61.5818568018411,Month-to-month,No,0
1431,48,54,74.85884150546885,Month-to-month,No,0
1432,65,10,60.273948474683074,Month-to-month,No,1
1433,35,42,71.96116758030075,One year,No,0
1434,24,64,119.65263087986192,Two year,Yes,1
1435,27,21,33.52173137128547,Month-to-month,No,1
1436,24,66,87.54560453364256,Two year,No,0
1437,50,41,59.600096638561524,Month-to-month,Yes,0
1438,40,24,33.300979890732876,One year,No,0
1439,38,35,35.87367633743095,Month-to-month,No,0
1440,36,56,114.92731062456168,Two year,Yes,0
1441,65,30,107.9601496711762,One year,Yes,0
1442,36,57,110.70419604150219,One year,Yes,0
1443,53,47,119.15327758273865,Two year,Yes,0
1444,46,35,40.83153900085179,One year,No,0
1445,35,19,55.543933736406174,Two year,Yes,0
1446,19,8,86.92190299248666,One year,No,0
1447,18,26,68.38025398606473,Two year,No,0
1448,64,71,61.83895333783335,One year,Yes,0
1449,22,30,55.781124933559305,Month-to-month,No,0
1450,37,7,79.37806319434523,One year,No,0
1451,28,67,77.5593428640082,Month-to-month,No,0
1452,59,65,36.14578340642401,One year,Yes,0
1453,19,36,67.1739837518439,Month-to-month,Yes,0
1454,20,25,75.34717762098498,One year,No,0
1455,40,37,77.02869387313905,Month-to-month,No,0
1456,29,1,41.010719291235176,Month-to-month,No,1
1457,37,15,94.22713922522868,Month-to-month,No,0
1458,22,37,22.519909482106964,Two year,Yes,0
1459,54,13,55.483185554316265,Month-to-month,No,1
1460,55,8,98.02126485356335,Month-to-month,Yes,1
1461,47,5,76.38929210554024,One year,Yes,0
1462,26,60,46.116243251086026,One year,No,0
1463,51,1,89.49531193430477,Month-to-month,Yes,1
1464,61,36,76.73909441560734,Month-to-month,No,0
1465,52,35,99.62436094563871,Month-to-month,No,1
1466,69,66,93.50251861898234,Two year,Yes,0
1467,39,63,81.01079220362347,Month-to-month,No,1
1468,61,23,68.8177675310814,Month-to-month,No,0
1469,41,9,33.31821256675234,Month-to-month,No,1
1470,34,34,46.133301788538375,Month-to-month,Yes,0
1471,27,46,61.90994729170853,One year,No,0
1472,47,4,79.92992870063887,Month-to-month,No,1
1473,63,30,71.37078552153048,Month-to-month,No,0
1474,40,3,48.81845259595295,Month-to-month,Yes,1
1475,49,14,20.646435778971053,Month-to-month,No,0
1476,34,60,69.6239221900814,Month-to-month,Yes,0
1477,67,45,48.56259885622431,Two year,No,0
1478,68,34,93.46083007105351,One year,Yes,0
1479,34,45,22.39462652704835,Two year,No,0
1480,31,61,78.48278113057908,Two year,No,0
1481,26,16,114.14742375060654,One year,Yes,0
1482,57,66,37.440926711149956,Month-to-month,Yes,0
1483,19,40,67.16494907505954,One year,No,0
1484,62,17,29.142199181713817,Two year,No,0
1485,42,34,82.56819122613527,One year,No,0
1486,56,16,75.05316805962255,One year,No,0
1487,26,60,60.736552421283236,Month-to-month,Yes,0
1488,39,66,72.13770214737411,Two year,No,0
1489,60,66,109.65746584690102,One year,No,0
1490,63,13,39.6294302311067,Two year,No,0
1491,21,56,22.256451170534724,Month-to-month,No,1
1492,43,31,106.16648846991009,Month-to-month,No,1
1493,46,34,77.71170823879065,Month-to-month,No,1
1494,62,39,109.06584554618424,One year,Yes,0
1495,51,67,79.69452234131725,Month-to-month,No,0
1496,40,8,101.01610899597024,Month-to-month,No,1
1497,54,55,62.967336335514794,Two year,Yes,0
1498,28,27,94.98599312882688,Month-to-month,No,1
1499,23,53,111.3041466889856,Two year,No,0
1500,35,39,77.21229637222064,Month-to-month,No,1
1501,38,65,38.078515056237954,Two year,No,0
1502,59,17,46.87976150301982,One year,No,0
1503,53,30,39.864457689740576,Two year,Yes,0
1504,58,53,44.68570275957329,Two year,No,1
1505,55,13,50.64154493510364,Month-to-month,No,0
1506,51,21,75.51337867531885,Month-to-month,No,0
1507,34,19,78.79916294638328,Month-to-month,No,0
1508,54,53,62.649974724186116,One year,Yes,0
1509,42,19,81.54207798208354,Two year,No,0
1510,55,57,28.157492561136593,Month-to-month,No,0
1511,29,25,28.778823705815995,One year,No,0
1512,40,31,37.182946035765845,Month-to-month,No,0
1513,59,55,71.80774980403447,Two year,No,0
1514,39,23,41.399467869831355,Two year,No,0
1515,38,32,48.32844034925773,Month-to-month,No,1
1516,44,62,60.03128361729941,Month-to-month,No,1
1517,48,10,101.18661240103798,Month-to-month,No,1
1518,23,54,21.386213591286012,One year,No,1
1519,44,52,84.93788202366224,One year,No,1
1520,57,20,86.88765310406853,Month-to-month,No,1
1521,51,32,99.86557803566366,Month-to-month,Yes,0
1522,29,14,113.27529390603132,Month-to-month,No,1
1523,62,50,22.013784894928982,One year,Yes,0
1524,24,28,35.378370551321616,One year,No,0
1525,27,53,108.6171294055993,Month-to-month,No,1
1526,62,24,65.85185621870153,One year,No,0
1527,34,22,76.45906389334635,One year,No,0
1528,43,30,86.30272037231474,Month-to-month,Yes,0
1529,38,63,87.90666044956374,Month-to-month,No,0
1530,45,4,113.17404033165082,One year,No,1
1531,63,59,119.69494174116697,Two year,No,1
1532,19,8,92.01574609309402,Month-to-month,Yes,1
1533,60,12,48.72212092051508,Month-to-month,No,1
1534,18,31,107.97524022943436,Month-to-month,No,1
1535,68,34,24.92209145407616,One year,No,0
1536,53,49,43.10808528744962,Month-to-month,No,0
1537,68,57,109.73857174637149,Month-to-month,No,0
1538,43,26,45.61915144393549,One year,No,0
1539,46,18,42.06510596217485,One year,No,0
1540,38,38,33.81252931402472,Month-to-month,No,1
1541,28,50,105.91117576469165,Month-to-month,Yes,0
1542,57,8,70.00582591910867,One year,No,0
1543,28,41,87.48932030541548,Month-to-month,No,0
1544,53,6,43.90663840750297,Month-to-month,Yes,0
1545,66,69,95.80404210112165,Two year,Yes,0
1546,56,44,96.00055449620984,Month-to-month,No,0
1547,57,64,51.25980249083001,One year,Yes,0
1548,52,29,61.06826330102828,Two year,No,1
1549,51,28,40.969027743020085,Month-to-month,Yes,1
1550,64,11,117.65610233229043,Month-to-month,No,1
1551,41,65,84.56025770584117,One year,Yes,0
1552,39,19,113.45438807155155,Two year,Yes,0
1553,22,9,50.338554362913314,Two year,No,1
1554,50,27,98.18909129968897,One year,No,0
1555,53,34,96.5858643884742,Month-to-month,Yes,0
1556,64,44,89.16556518665415,One year,No,0
1557,37,68,116.56389752668004,Month-to-month,No,1
1558,36,15,59.355533610631554,Month-to-month,No,0
1559,52,51,33.07173235897573,Month-to-month,No,1
1560,69,13,87.17088592440608,Month-to-month,No,0
1561,60,49,92.93098004772062,One year,No,0
1562,34,70,77.50605734588146,Month-to-month,No,1
1563,62,56,40.68178931333963,Month-to-month,Yes,0
1564,60,51,70.44559416693554,Month-to-month,No,0
1565,51,37,51.21897365691294,Two year,No,0
1566,26,17,62.746652816668906,One year,No,0
1567,43,58,84.52185758446639,Month-to-month,No,0
1568,19,29,94.52147426908346,Month-to-month,No,1
1569,26,33,43.22246909013431,Month-to-month,No,1
1570,26,60,60.532536064695336,Two year,No,0
1571,57,55,46.916157099162916,One year,No,0
1572,34,10,39.86316138618691,One year,No,0
1573,18,47,98.33872199958384,One year,No,0
1574,42,23,110.92526944369924,Month-to-month,No,0
1575,60,21,57.02321856845767,Two year,Yes,0
1576,57,13,95.12789243737669,One year,No,0
1577,59,33,109.69952893644111,Month-to-month,No,1
1578,42,24,104.61242105302316,Month-to-month,No,0
1579,56,11,38.28133885392259,One year,Yes,1
1580,52,17,115.62918815133614,Two year,No,0
1581,20,68,57.66764404294625,Month-to-month,No,1
1582,67,47,53.92406611738363,Two year,No,0
1583,54,25,26.243132727778033,One year,No,0
1584,61,21,68.6173654104883,Month-to-month,No,0
1585,61,12,30.90136156409287,Month-to-month,Yes,0
1586,68,37,44.8539820927426,Month-to-month,Yes,0
1587,47,42,51.69426217672814,One year,No,0
1588,55,17,100.8826323491684,Month-to-month,No,0
1589,51,48,107.54886503958966,Month-to-month,Yes,1
1590,29,28,50.24663174614697,One year,Yes,0
1591,36,41,105.86981212445738,One year,Yes,0
1592,54,47,105.72309373697911,Month-to-month,No,1
1593,61,18,96.46509503848735,Month-to-month,Yes,0
1594,66,71,34.66951140151815,Month-to-month,No,1
1595,34,13,89.0322846900729,One year,No,1
1596,27,13,114.50240645805688,Two year,Yes,1
1597,66,31,88.2540478767157,Month-to-month,No,0
1598,64,2,53.16168491078339,Two year,Yes,0
1599,29,16,70.05793174308313,One year,No,0
1600,33,9,84.57250433510536,One year,Yes,0
1601,41,38,71.05704087285037,One year,No,0
1602,36,54,31.99529417309698,Month-to-month,No,0
1603,25,56,51.20640446520206,Month-to-month,Yes,0
1604,48,45,100.23960305536325,One year,Yes,0
1605,38,34,106.14180460955174,One year,No,0
1606,34,9,33.730003271557024,One year,Yes,0
1607,40,8,115.23867523987246,Month-to-month,No,0
1608,54,7,52.88226178486093,Two year,No,0
1609,33,36,86.231373873072,One year,No,1
1610,23,18,95.18251459566811,Month-to-month,No,0
1611,25,3,101.19462346378835,Month-to-month,No,1
1612,42,28,114.57497022259301,One year,No,0
1613,35,70,51.29195480288226,One year,No,0
1614,42,44,105.85064545515544,Month-to-month,Yes,0
1615,29,21,33.1686903436207,Two year,Yes,0
1616,32,28,90.50409063535928,Month-to-month,No,1
1617,43,54,94.19777295139859,Month-to-month,No,1
1618,58,54,87.77232412013204,Two year,No,1
1619,62,65,45.2314736135153,Two year,Yes,0
1620,43,21,107.30431470152034,One year,No,1
1621,64,13,36.885846337039496,Two year,Yes,0
1622,49,57,25.363479152083084,Month-to-month,Yes,1
1623,27,49,91.74649906119122,Two year,No,1
1624,33,54,67.54757152327338,Month-to-month,Yes,1
1625,24,10,104.90980199586761,Month-to-month,No,1
1626,34,53,58.3397141058259,Month-to-month,No,0
1627,40,44,36.82785885077128,Month-to-month,No,1
1628,43,47,103.64421924698698,Month-to-month,No,1
1629,38,53,74.89096316400716,Month-to-month,Yes,0
1630,39,46,38.919579239035485,Month-to-month,Yes,0
1631,24,13,92.03839985864458,Month-to-month,No,1
1632,31,37,71.11136384895005,One year,No,0
1633,32,24,80.43129822403199,Month-to-month,No,1
1634,24,2,66.08983382065819,Month-to-month,Yes,1
1635,26,14,102.87089838180064,One year,No,0
1636,68,10,102.95627156830498,Two year,No,0
1637,65,35,90.93888218243862,One year,No,0
1638,25,25,30.540137739646227,Month-to-month,No,0
1639,67,3,103.88538619040689,One year,Yes,0
1640,40,17,87.10129805329098,Month-to-month,Yes,1
1641,46,12,89.70241660042996,Month-to-month,No,1
1642,35,54,56.298284040387166,Month-to-month,No,1
1643,48,24,107.92795561570067,Two year,Yes,0
1644,47,29,92.53716002348575,Month-to-month,No,1
1645,69,43,31.259046652919444,Month-to-month,Yes,0
1646,56,25,60.77780344061627,Month-to-month,Yes,0
1647,52,60,108.63803619601417,Two year,No,1
1648,35,65,24.7196701697379,One year,Yes,0
1649,59,28,116.14166196420496,Month-to-month,No,0
1650,56,16,87.91625683195628,One year,No,0
1651,34,47,83.13759776433767,One year,Yes,0
1652,31,58,47.05592564879914,One year,Yes,0
1653,48,27,44.87917887391771,Month-to-month,No,1
1654,41,53,114.20582194885955,Two year,Yes,0
1655,52,42,49.82724542341228,Month-to-month,No,1
1656,61,59,97.55052967189994,One year,No,0
1657,62,47,59.31217982070792,Month-to-month,No,0
1658,51,34,33.9254070784704,Month-to-month,No,0
1659,20,37,21.071529769535896,Month-to-month,Yes,0
1660,54,6,74.42573370152508,One year,Yes,0
1661,60,7,117.57788185489326,Month-to-month,Yes,1
1662,57,25,56.91361938092045,One year,No,0
1663,43,33,55.719233399304485,Month-to-month,No,0
1664,40,55,54.40916178494421,One year,Yes,0
1665,61,58,72.05438373048585,Two year,Yes,0
1666,56,7,64.06648834242935,One year,No,1
1667,32,57,107.99146267270145,One year,No,1
1668,66,12,70.55207917234904,One year,No,1
1669,21,16,70.77578381885688,Month-to-month,No,0
1670,46,43,33.83715947205566,Two year,No,0
1671,39,7,118.27395409103859,Month-to-month,No,1
1672,42,51,44.99728908688297,One year,No,0
1673,30,32,27.336406745960268,One year,No,0
1674,35,8,86.31462489752089,Month-to-month,No,1
1675,50,45,79.53663701568726,Month-to-month,Yes,1
1676,33,59,61.514565399274574,Month-to-month,Yes,0
1677,62,4,62.2192233880678,Two year,No,0
1678,59,67,98.50639210464311,Two year,No,0
1679,61,29,39.57126400996491,One year,No,0
1680,19,29,102.02533189448897,One year,Yes,0
1681,52,28,84.87471138950181,Two year,No,0
1682,59,44,61.89697737795244,Month-to-month,No,0
1683,51,4,65.80286165838686,Month-to-month,Yes,0
1684,47,9,45.66472071860958,One year,No,1
1685,30,5,95.21143326969748,Two year,No,0
1686,30,56,71.28747423052678,Two year,No,1
1687,35,50,52.08545427498436,Month-to-month,No,0
1688,49,15,79.60501157609502,Month-to-month,No,0
1689,49,32,119.5734452051323,Month-to-month,No,1
1690,52,28,63.52622796565539,Month-to-month,No,0
1691,56,22,112.06914007786196,Month-to-month,No,1
1692,63,17,54.50168399245661,One year,No,0
1693,69,59,25.473270692498588,Month-to-month,No,0
1694,46,71,40.424210636842886,Two year,Yes,0
1695,66,57,61.86951433276842,Month-to-month,No,1
1696,46,26,41.963492859456906,One year,No,0
1697,61,25,20.022703821825555,Month-to-month,No,0
1698,33,10,111.50015377475272,Month-to-month,No,1
1699,61,45,104.3879411230929,Month-to-month,Yes,0
1700,64,11,94.22922314869471,Two year,No,1
1701,27,53,36.78145956460286,Two year,Yes,0
1702,47,68,32.03635762099861,Month-to-month,Yes,0
1703,42,28,26.760474947238315,Month-to-month,No,1
1704,56,65,92.40291887729212,Two year,Yes,0
1705,37,49,112.88079606878853,Month-to-month,No,0
1706,22,47,63.053582091303696,Month-to-month,No,0
1707,18,52,31.914067199604816,One year,No,0
1708,47,54,71.23928207321066,Two year,No,0
1709,66,60,54.88319074586301,Month-to-month,Yes,0
1710,20,57,57.48249243499977,Month-to-month,Yes,0
1711,62,47,82.13306241557072,Two year,No,0
1712,31,31,91.87181132622024,Month-to-month,No,1
1713,47,46,31.060359887316086,Month-to-month,No,1
1714,67,26,23.559023080647638,One year,No,0
1715,21,5,119.43303026857149,Two year,Yes,0
1716,35,52,43.272834891555185,Month-to-month,No,0
1717,54,54,25.383052490845905,Two year,No,0
1718,42,33,38.987532909592,One year,Yes,0
1719,65,50,23.89578463484642,Month-to-month,Yes,1
1720,18,38,59.181089461717164,Two year,Yes,0
1721,63,27,100.24017844513243,Month-to-month,Yes,0
1722,32,15,54.124444975772064,Month-to-month,No,0
1723,26,61,64.41834068783666,One year,Yes,0
1724,32,21,87.55867735674389,Month-to-month,Yes,0
1725,66,46,70.88940700698802,Month-to-month,Yes,0
1726,41,69,106.14456860213242,Month-to-month,No,1
1727,21,6,106.60356750457565,Month-to-month,No,1
1728,29,38,20.991069549115366,Two year,Yes,0
1729,54,62,97.80463064831991,One year,No,1
1730,54,62,66.07336002416739,Two year,Yes,0
1731,60,46,118.88405413036631,Month-to-month,No,0
1732,23,13,68.32320758754352,Month-to-month,Yes,0
1733,56,3,118.68959453882975,Month-to-month,No,1
1734,63,6,95.45693612057366,Month-to-month,No,1
1735,41,8,44.86048846133063,Month-to-month,No,1
1736,28,44,73.83949792869578,One year,Yes,0
1737,30,33,119.21356394785828,Two year,No,0
1738,51,50,105.75306077519237,Two year,No,0
1739,42,11,29.73668937912211,Month-to-month,Yes,0
1740,24,28,90.6371996809996,Two year,No,0
1741,69,70,54.5579585870813,Month-to-month,Yes,0
1742,21,41,20.698226188034813,Month-to-month,Yes,0
1743,25,16,60.34809690269996,Two year,Yes,0
1744,37,68,43.475442172497125,One year,No,0
1745,46,48,101.88692705204716,Month-to-month,No,1
1746,68,56,53.733060884576545,Month-to-month,No,0
1747,62,64,102.7523693953817,Month-to-month,Yes,0
1748,63,59,20.059793883479532,One year,No,0
1749,27,62,50.78191500261191,Month-to-month,Yes,0
1750,60,11,44.116521430776196,Two year,No,1
1751,51,18,43.3567361068611,Month-to-month,No,0
1752,43,19,26.81866197654627,Month-to-month,Yes,1
1753,58,55,38.71242704105018,Month-to-month,No,0
1754,66,26,75.554956988562,One year,No,0
1755,20,6,49.13610728377445,Month-to-month,No,0
1756,23,4,61.73947823291479,One year,No,1
1757,22,29,57.68668803471885,Two year,No,0
1758,22,59,107.59049249998945,Two year,No,0
1759,64,17,110.52989990105155,Two year,No,0
1760,40,43,69.295697165586,Two year,Yes,0
1761,66,66,53.01559503156044,One year,No,0
1762,26,34,30.680070400236364,Two year,No,0
1763,52,8,115.3402879382095,Month-to-month,Yes,1
1764,37,13,26.022694490029746,Month-to-month,Yes,1
1765,66,8,49.76502775682805,Month-to-month,No,1
1766,59,65,49.80662011700041,Month-to-month,No,0
1767,52,43,52.04012861402149,Month-to-month,No,0
1768,67,39,36.42868432724093,Two year,Yes,0
1769,35,59,98.31614309236971,Month-to-month,No,1
1770,34,44,32.24978619659892,Month-to-month,Yes,0
1771,41,9,83.49066591531627,One year,No,1
1772,20,37,32.38460267058174,Month-to-month,No,0
1773,49,36,27.053563759295656,Month-to-month,Yes,1
1774,52,28,110.94295036858765,Month-to-month,No,1
1775,55,42,39.01287663187057,Month-to-month,No,1
1776,30,43,102.12501545597043,Month-to-month,No,0
1777,64,42,74.46308711071359,One year,No,0
1778,42,66,27.78565196087696,One year,No,0
1779,26,55,115.54481914380675,Month-to-month,No,1
1780,21,48,44.696116699189254,Month-to-month,Yes,0
1781,31,22,105.96453453526065,Month-to-month,Yes,0
1782,54,27,36.88100057845642,One year,Yes,0
1783,51,67,105.39428821418528,Month-to-month,No,0
1784,28,13,21.3228812905294,Month-to-month,No,0
1785,58,45,71.17804565694806,One year,No,0
1786,20,10,96.94425794215569,Month-to-month,No,1
1787,45,9,113.47955174927833,Month-to-month,No,1
1788,46,54,110.92021362064871,Month-to-month,No,0
1789,26,27,101.96248695476449,Two year,No,0
1790,20,34,108.8191349661304,Two year,No,0
1791,42,1,39.92196858370765,One year,No,0
1792,51,32,48.41842957117288,Month-to-month,Yes,0
1793,29,71,48.89685249210585,One year,No,0
1794,59,67,57.70539310016988,Two year,Yes,0
1795,26,20,59.33206703851887,Two year,Yes,0
1796,32,35,74.45553246546754,Month-to-month,No,1
1797,57,17,35.98797633664414,Two year,No,0
1798,42,18,89.12466637859893,Month-to-month,No,1
1799,22,45,36.75665393045065,Month-to-month,No,1
1800,28,53,51.03084821045475,One year,No,0
1801,51,68,70.33451306061541,Month-to-month,Yes,0
1802,41,65,99.64405615234773,Two year,No,0
1803,32,1,93.94692332387272,Month-to-month,No,1
1804,55,58,84.55343564105223,One year,No,0
1805,25,26,35.577326058017015,Two year,No,0
1806,22,20,74.70453456155778,Two year,No,0
1807,65,10,28.744650179988547,Month-to-month,Yes,1
1808,43,59,57.73631767966508,Month-to-month,No,0
1809,35,41,61.35165302899592,One year,No,0
1810,23,5,23.981143944575383,Month-to-month,No,1
1811,54,65,47.39880994699718,Two year,Yes,0
1812,65,17,115.56494672664894,Two year,No,1
1813,30,22,115.36326078296895,Month-to-month,No,1
1814,45,41,55.23270542525393,Month-to-month,Yes,1
1815,22,68,24.310010894832406,Month-to-month,No,0
1816,30,69,37.90949393281815,Two year,Yes,0
1817,34,11,59.221779343354015,Month-to-month,No,0
1818,67,56,114.77796979692297,Month-to-month,No,1
1819,57,51,34.11990635371849,Month-to-month,No,1
1820,62,21,96.35158436682123,One year,No,1
1821,49,26,30.868253937469206,Month-to-month,Yes,0
1822,46,19,118.12575773912768,Month-to-month,No,1
1823,68,60,58.161649910913496,Two year,No,0
1824,20,71,97.5234538899056,Two year,Yes,0
1825,57,47,54.259108281113186,One year,No,0
1826,51,71,82.76688771588087,Month-to-month,No,1
1827,57,26,39.20160847400368,Month-to-month,Yes,0
1828,44,40,34.60210192969625,One year,Yes,0
1829,30,5,113.80641395681313,Month-to-month,Yes,1
1830,62,21,111.76472779044335,Two year,No,1
1831,50,4,108.74689402128824,One year,No,0
1832,23,23,82.54334501665934,Month-to-month,No,0
1833,41,15,100.82682112162783,Two year,No,0
1834,36,8,26.90369369113749,Two year,No,0
1835,33,41,53.47890418906792,Month-to-month,No,0
1836,57,19,51.37031247571562,One year,Yes,0
1837,45,46,83.56453219526132,Month-to-month,No,0
1838,50,28,55.59577734706405,Month-to-month,No,0
1839,65,68,34.85067816436808,Month-to-month,No,1
1840,58,15,79.64670754135437,One year,No,0
1841,30,37,101.43839206690815,Two year,No,0
1842,60,1,58.21234944599732,One year,No,0
1843,62,67,33.226871509848166,Month-to-month,Yes,0
1844,42,24,39.668819731282305,One year,No,0
1845,59,27,43.748330516938395,Month-to-month,Yes,0
1846,53,40,49.989759299453624,Two year,No,0
1847,44,63,84.27950705063091,Month-to-month,Yes,0
1848,55,61,80.09454845377189,Month-to-month,Yes,0
1849,24,36,89.60798615670392,Month-to-month,No,1
1850,22,24,56.25019845315131,One year,No,0
1851,60,24,102.39976518799783,Month-to-month,Yes,1
1852,62,4,40.40876611557603,One year,No,0
1853,68,67,66.90407475181539,Month-to-month,No,0
1854,48,34,100.09387215414303,Month-to-month,Yes,0
1855,40,57,38.015864773261924,Month-to-month,No,1
1856,59,49,30.986311374078294,Two year,No,0
1857,27,53,108.36839676879897,Two year,No,0
1858,49,23,54.29296627591959,Month-to-month,No,0
1859,60,69,88.3870124909032,Month-to-month,No,1
1860,47,53,22.53486042639385,Month-to-month,No,1
1861,56,62,89.00468884094497,One year,Yes,0
1862,48,41,51.61013115469705,Month-to-month,Yes,1
1863,35,57,25.574085358744174,Two year,No,0
1864,53,60,80.9812761548117,Two year,No,1
1865,19,54,44.08038160731732,Month-to-month,No,0
1866,31,70,58.680724205188,Month-to-month,Yes,0
1867,30,57,28.05808122865136,Two year,Yes,0
1868,46,10,34.716325109494534,Two year,No,0
1869,29,40,49.797723549584376,Month-to-month,No,0
1870,56,7,28.975950056015712,Month-to-month,Yes,0
1871,19,38,111.08262646863152,Month-to-month,No,1
1872,49,61,20.604704318397843,Month-to-month,No,0
1873,30,3,68.38602188643114,Month-to-month,No,1
1874,63,51,32.32474581325515,Month-to-month,No,1
1875,44,47,50.76790894779485,One year,No,0
1876,66,68,112.60595598182655,Month-to-month,No,0
1877,58,38,36.16945532739869,Month-to-month,No,0
1878,34,36,116.58323197183326,Month-to-month,No,1
1879,57,41,40.57943769894217,Two year,No,0
1880,48,69,94.15661084668295,Two year,No,1
1881,51,13,74.66772648973117,Month-to-month,No,0
1882,41,58,108.44787275967592,Month-to-month,No,1
1883,62,50,75.3993255503131,Two year,No,0
1884,52,30,73.45592191563087,Month-to-month,No,0
1885,65,62,39.54580003683999,Month-to-month,Yes,1
1886,23,25,36.62293620516587,Month-to-month,Yes,1
1887,36,27,111.64891511155142,Month-to-month,No,1
1888,47,51,52.78381988500341,Month-to-month,No,0
1889,24,57,57.20822549628959,Two year,No,0
1890,27,47,95.98236584283885,One year,No,0
1891,58,39,53.882348242280734,Month-to-month,No,0
1892,49,16,115.20624466390028,Two year,No,0
1893,51,22,93.79277689988002,Month-to-month,Yes,0
1894,45,54,79.742924257342,Month-to-month,No,0
1895,32,21,108.08951605447525,One year,No,0
1896,47,16,24.960590834948277,One year,Yes,0
1897,54,59,45.70626921892087,Month-to-month,No,0
1898,46,31,66.50363342209099,Month-to-month,No,1
1899,39,42,42.6978539471521,One year,Yes,0
1900,21,32,94.39051873021519,One year,Yes,0
1901,37,59,111.92080310537251,One year,No,1
1902,49,34,62.37701199309234,Month-to-month,No,1
1903,53,9,54.2132600111895,Month-to-month,Yes,0
1904,67,11,116.15507321375662,Month-to-month,Yes,1
1905,21,10,64.48524328275408,Month-to-month,No,0
1906,44,17,68.90484004492832,Two year,No,0
1907,34,68,55.164987234190534,Month-to-month,No,0
1908,29,48,110.95484730121383,Month-to-month,Yes,1
1909,39,52,76.89554832818507,One year,No,0
1910,34,25,96.21745871816447,Month-to-month,No,1
1911,27,21,101.18067183508863,Month-to-month,No,1
1912,18,65,54.18490419172582,Two year,No,0
1913,39,63,63.369433132038004,Two year,No,0
1914,43,51,104.84717744062647,One year,No,0
1915,35,36,56.32553516758102,Month-to-month,No,0
1916,67,66,99.39351334518513,One year,No,0
1917,31,15,114.09923225744372,One year,No,0
1918,64,39,82.32103730680069,Month-to-month,No,1
1919,46,70,94.16272874518889,Month-to-month,No,0
1920,29,1,100.50973120411349,Two year,Yes,0
1921,53,23,104.50396488966425,Month-to-month,No,0
1922,52,39,59.505333785679596,One year,Yes,0
1923,69,57,25.126345917599817,Month-to-month,No,1
1924,29,34,60.187627123673956,Month-to-month,Yes,0
1925,24,41,87.37562297840898,Month-to-month,No,1
1926,46,13,65.03503857807928,Two year,No,0
1927,28,70,94.89631508603985,Month-to-month,No,0
1928,50,6,55.69824294686639,One year,No,0
1929,23,52,83.47441411040296,One year,No,0
1930,64,3,38.641980485397454,One year,No,0
1931,32,63,94.93694366449569,Two year,No,1
1932,49,49,74.56959688130259,One year,Yes,0
1933,68,47,40.40643885466006,Month-to-month,No,0
1934,28,55,49.191117349780725,Two year,No,0
1935,40,64,94.86087085818323,One year,Yes,0
1936,43,65,68.26012356615206,Month-to-month,No,1
1937,51,67,41.603144039307224,Month-to-month,No,0
1938,63,15,116.72711903702977,Two year,No,0
1939,51,32,91.51250198168879,Month-to-month,No,1
1940,46,68,115.71348325397962,One year,No,0
1941,21,18,62.71050453603432,Month-to-month,Yes,0
1942,34,43,67.51003406917205,Month-to-month,Yes,0
1943,52,35,109.79552161850192,One year,No,1
1944,30,58,72.50493402453847,Month-to-month,Yes,0
1945,58,33,90.72789119056672,Month-to-month,Yes,1
1946,56,14,45.217287749552995,One year,No,0
1947,32,34,64.67264687026406,Month-to-month,No,0
1948,46,61,32.34498658103551,One year,No,0
1949,46,4,40.59800358769617,Two year,No,1
1950,28,59,20.09434152676311,One year,No,0
1951,69,29,23.926505164866022,Month-to-month,No,0
1952,49,6,117.72838231769293,Month-to-month,No,1
1953,19,49,44.23536951367623,One year,No,0
1954,64,40,86.33107095040019,Two year,No,1
1955,31,65,103.90996987996115,Two year,No,0
1956,37,69,75.06604592365642,Two year,Yes,0
1957,39,27,35.31445000839562,Month-to-month,No,0
1958,28,6,92.81164373361663,Month-to-month,No,1
1959,44,13,80.0251410099583,Month-to-month,No,1
1960,20,64,93.12505893473751,Month-to-month,No,0
1961,34,62,96.97466228570872,Month-to-month,No,0
1962,61,19,117.54103676847451,Two year,Yes,0
1963,45,43,77.356328002671,Month-to-month,Yes,0
1964,46,20,54.164111269060186,Month-to-month,No,1
1965,38,68,84.8464556900237,Month-to-month,No,1
1966,64,44,26.844070924262613,Two year,Yes,0
1967,33,23,109.73973183215863,One year,No,0
1968,54,2,31.93810113381968,One year,Yes,1
1969,37,22,52.784283788581824,Two year,No,0
1970,23,57,101.57453806261209,Month-to-month,Yes,0
1971,36,7,79.73123783307119,One year,No,0
1972,22,56,59.363552027744205,Month-to-month,No,0
1973,20,67,67.34356593750215,Month-to-month,No,0
1974,18,16,105.45473932021804,Two year,No,0
1975,55,51,54.00043860598922,One year,No,0
1976,32,12,106.96496848121713,Month-to-month,No,1
1977,51,53,28.81344309766915,Month-to-month,No,1
1978,52,5,97.67984372086308,One year,No,0
1979,66,27,104.75476330547363,Month-to-month,No,0
1980,42,12,38.181765283733874,Month-to-month,No,1
1981,41,17,63.03465323722004,Month-to-month,No,0
1982,29,6,36.54997746636556,Month-to-month,Yes,1
1983,35,5,90.66041289942177,Two year,No,0
1984,32,57,73.53477680616567,Month-to-month,Yes,1
1985,61,28,83.5323346708321,Month-to-month,Yes,0
1986,33,69,39.64869669562111,One year,Yes,0
1987,44,59,41.17458620524195,Two year,Yes,0
1988,25,33,24.149732550990635,Month-to-month,Yes,0
1989,63,62,52.20675351957297,Month-to-month,No,1
1990,42,50,75.97446613336749,Month-to-month,Yes,0
1991,34,19,105.79349139973289,One year,No,1
1992,46,69,86.69274474586807,One year,Yes,0
1993,25,66,63.53963233997514,Two year,No,0
1994,32,47,115.31201143941378,Two year,No,1
1995,44,39,91.92452005758318,One year,No,0
1996,63,68,113.016520286255,One year,No,0
1997,67,33,72.75879732721657,Month-to-month,No,0
1998,69,13,45.890427479313956,Month-to-month,No,0
1999,24,54,25.2826686364722,Two year,Yes,0
2000,20,7,92.60848514838504,Month-to-month,No,1
